START TRANSACTION;

DROP DATABASE IF EXISTS `getflix`;

--
-- Database: `getflix`
--
CREATE DATABASE `getflix` DEFAULT CHARACTER SET utf8mb4 COLLATE utf8mb4_general_ci;
USE `getflix`;

-- --------------------------------------------------------

--
-- Table structure for table `users`
--

CREATE TABLE `users` (
  `id` int(11) NOT NULL,
  `first_name` varchar(255) NOT NULL,
  `last_name` varchar(255) NOT NULL,
  `email` varchar(255) NOT NULL,
  `password` varchar(255) NOT NULL
) ENGINE=InnoDB DEFAULT CHARSET=utf8mb4;

--
-- Indexes for table `users`
--
ALTER TABLE `users`
  ADD PRIMARY KEY (`id`);

--
-- AUTO_INCREMENT for table `users`
--
ALTER TABLE `users`
  MODIFY `id` int(11) NOT NULL AUTO_INCREMENT;

INSERT INTO `users` (`id`, `first_name`, `last_name`, `email`, `password`) VALUES (1, 'Adriana', 'Lazurca', 'adrianar.lazurca@gmail.com', '2021');

-- --------------------------------------------------------

--
-- Table structure for table `permissions`
--

CREATE TABLE `permissions` (
  `id` int(11) NOT NULL,
  `category` varchar(20) NOT NULL,
  `description` varchar(255) NOT NULL
) ENGINE=InnoDB DEFAULT CHARSET=utf8mb4;

--
-- Indexes for table `permissions`
--
ALTER TABLE `permissions`
  ADD PRIMARY KEY (`id`);

INSERT INTO `permissions` (`id`, `category`, `description`) VALUES (1, 'comment', 'Add comment');
INSERT INTO `permissions` (`id`, `category`, `description`) VALUES (2, 'comment', 'Delete comment');

-- --------------------------------------------------------

--
-- Table structure for table `roles`
--

CREATE TABLE `roles` (
  `id` int(11) NOT NULL,
  `name` varchar(255) NOT NULL
) ENGINE=InnoDB DEFAULT CHARSET=utf8mb4;

--
-- Indexes for table `roles`
--
ALTER TABLE `roles`
  ADD PRIMARY KEY (`id`);

--
-- AUTO_INCREMENT for table `roles`
--
ALTER TABLE `roles`
  MODIFY `id` int(11) NOT NULL AUTO_INCREMENT;

INSERT INTO `roles` (`id`, `name`) VALUES (1, 'Administrator');
INSERT INTO `roles` (`id`, `name`) VALUES (2, 'Editor');

-- --------------------------------------------------------

--
-- Table structure for table `role_permissions`
--

CREATE TABLE `role_permissions` (
  `role_id` int(11) NOT NULL,
  `permission_id` int(11) NOT NULL
) ENGINE=InnoDB DEFAULT CHARSET=utf8mb4;

--
-- Indexes for table `role_permissions`
--
ALTER TABLE `role_permissions`
  ADD PRIMARY KEY (`role_id`,`permission_id`);

--
-- Constraints for table `role_permissions`
--
ALTER TABLE `role_permissions`
  ADD CONSTRAINT `role_permissions_role_fk` FOREIGN KEY (`role_id`) REFERENCES `roles` (`id`) ON DELETE CASCADE;

--
-- Constraints for table `role_permissions`
--
ALTER TABLE `role_permissions`
  ADD CONSTRAINT `role_permissions_permission_fk` FOREIGN KEY (`permission_id`) REFERENCES `permissions` (`id`) ON DELETE CASCADE;

INSERT INTO `role_permissions` (`role_id`, `permission_id`) VALUES (1, 1);
INSERT INTO `role_permissions` (`role_id`, `permission_id`) VALUES (1, 2);
INSERT INTO `role_permissions` (`role_id`, `permission_id`) VALUES (2, 1);

-- --------------------------------------------------------
--
-- Table structure for table `user_roles`
--

CREATE TABLE `user_roles` (
  `user_id` int(11) NOT NULL,
  `role_id` int(11) NOT NULL
) ENGINE=InnoDB DEFAULT CHARSET=utf8mb4;

--
-- Indexes for table `user_roles`
--
ALTER TABLE `user_roles`
  ADD PRIMARY KEY (`user_id`,`role_id`);

--
-- Constraints for table `user_roles`
--
ALTER TABLE `user_roles`
  ADD CONSTRAINT `user_roles_user_fk` FOREIGN KEY (`user_id`) REFERENCES `users` (`id`) ON DELETE CASCADE;

--
-- Constraints for table `user_roles`
--
ALTER TABLE `user_roles`
  ADD CONSTRAINT `user_roles_role_fk` FOREIGN KEY (`role_id`) REFERENCES `roles` (`id`) ON DELETE CASCADE;

INSERT INTO `user_roles` (`user_id`, `role_id`) VALUES (1, 1);

-- --------------------------------------------------------

--
-- Table structure for table `category`
--
DROP TABLE IF EXISTS `category`;
CREATE TABLE IF NOT EXISTS `category` (
  `category_id` int(11) NOT NULL AUTO_INCREMENT,
  `category_name` varchar(255) NOT NULL,
  PRIMARY KEY (`category_id`)
) ENGINE=InnoDB AUTO_INCREMENT=34 DEFAULT CHARSET=utf8;

INSERT INTO `category` (`category_id`, `category_name`) VALUES
(1, 'Action'),
(2, 'Animation'),
(3, 'Children'),
(4, 'Classics'),
(5, 'Comedy'),
(6, 'Documentary'),
(7, 'Drama'),
(8, 'Family'),
(9, 'Foreign'),
(10, 'Games'),
(11, 'Horror'),
(12, 'Music'),
(13, 'New'),
(14, 'Sci-Fi'),
(15, 'Sports'),
(16, 'Travel');

-- --------------------------------------------------------
--
-- Table structure for table `videos`
--

DROP TABLE IF EXISTS `videos`;
CREATE TABLE IF NOT EXISTS `videos` (
  `id` int(5) NOT NULL AUTO_INCREMENT,
  `video_type` tinyint(2) NOT NULL,
  `video_id` varchar(20) NOT NULL,
  `title` varchar(255) NOT NULL,
  `thumbnail_url` varchar(100) NOT NULL,
  `published_at` timestamp NOT NULL DEFAULT CURRENT_TIMESTAMP,
  PRIMARY KEY (`id`)
) ENGINE=InnoDB AUTO_INCREMENT=151 DEFAULT CHARSET=utf8mb4;

--
-- Dumping data for table `videos`
--

INSERT INTO `videos` (`id`, `video_type`, `video_id`, `title`, `thumbnail_url`, `published_at`) VALUES
(1, 1, 'Eh993__rOxA', 'Me Before You Official Trailer #1 (2016) -  Emilia Clarke, Sam Claflin Movie HD', 'https://i.ytimg.com/vi/Eh993__rOxA/hqdefault.jpg', '2016-02-03 15:18:40'),
(2, 1, 'AxGgkEHmHHg', 'Kill Your Darlings Official Trailer #1 (2013) - Daniel Radcliffe Movie HD', 'https://i.ytimg.com/vi/AxGgkEHmHHg/hqdefault.jpg', '2013-09-04 16:47:00'),
(3, 1, 'rir1WzZqwxE', 'The Disaster Artist Teaser Trailer #1 | Movieclips Trailer', 'https://i.ytimg.com/vi/rir1WzZqwxE/hqdefault.jpg', '2017-07-18 11:00:04'),
(4, 1, 'DBfsgcswlYQ', 'The Accountant Official Trailer #1 (2016) - Ben Affleck Movie HD', 'https://i.ytimg.com/vi/DBfsgcswlYQ/hqdefault.jpg', '2016-05-12 22:01:57'),
(5, 1, '6qoaVUdbWMs', 'The Way, Way Back Official Trailer #1 (2013) - Sam Rockwell Movie HD', 'https://i.ytimg.com/vi/6qoaVUdbWMs/hqdefault.jpg', '2013-04-11 14:57:27'),
(6, 1, 'juxTC7hYGTE', 'The Other Woman Official Trailer #1 (2014) - Nicki Minaj Comedy Movie HD', 'https://i.ytimg.com/vi/juxTC7hYGTE/hqdefault.jpg', '2013-12-19 17:02:56'),
(7, 1, 'Vh0piQN1_LY', '99 Homes Official Trailer #1 (2015) - Andrew Garfield, Laura Dern Drama HD', 'https://i.ytimg.com/vi/Vh0piQN1_LY/hqdefault.jpg', '2015-06-03 14:00:00'),
(8, 1, 'I9RHqdZDCF0', '42 Official Trailer #2 (2013) - Harrison Ford Movie - Jackie Robinson Story HD', 'https://i.ytimg.com/vi/I9RHqdZDCF0/hqdefault.jpg', '2013-01-10 17:10:36'),
(9, 1, 'ZrXrZ5iiR0o', 'Still Alice Official Trailer #1 (2015) - Julianne Moore, Kate Bosworth Drama HD', 'https://i.ytimg.com/vi/ZrXrZ5iiR0o/hqdefault.jpg', '2014-12-10 15:38:42'),
(10, 1, '1T__uN5xmC0', 'The Dark Knight Rises Ultimate Trilogy Trailer - Christopher Nolan Batman Movie Legacy HD', 'https://i.ytimg.com/vi/1T__uN5xmC0/hqdefault.jpg', '2012-07-17 21:23:56'),
(11, 1, 'jsHR77oQKEY', 'Seven Psychopaths Official Trailer #1 (2012) - Christopher Walken, Sam Rockwell Movie HD', 'https://i.ytimg.com/vi/jsHR77oQKEY/hqdefault.jpg', '2012-08-15 14:04:29'),
(12, 1, 'YSX-mpsVutQ', 'The Light Between Oceans Official Trailer #1 (2016) - Alicia Vikander, Michael Fassbender Movie HD', 'https://i.ytimg.com/vi/YSX-mpsVutQ/hqdefault.jpg', '2016-05-13 15:19:48'),
(13, 1, 'SULFiCh0Zsw', 'Suicide Squad Official Comic-Con Remix Trailer (2016) - Margot Robbie Movie', 'https://i.ytimg.com/vi/SULFiCh0Zsw/hqdefault.jpg', '2016-07-23 18:00:32'),
(14, 1, 'x92mfhWERew', 'The Lifeguard Official Trailer #1 (2013) - Kristen Bell Movie HD', 'https://i.ytimg.com/vi/x92mfhWERew/hqdefault.jpg', '2013-07-08 14:08:03'),
(15, 1, 'D9YZw_X5UzQ', 'Baby Driver Trailer #1 (2017) | Movieclips Trailers', 'https://i.ytimg.com/vi/D9YZw_X5UzQ/hqdefault.jpg', '2017-03-12 05:11:49'),
(16, 1, 'wySiVNV71IQ', 'Mr. Church Official Trailer 1 (2016) - Eddie Murphy Movie', 'https://i.ytimg.com/vi/wySiVNV71IQ/hqdefault.jpg', '2016-09-07 22:56:01'),
(17, 1, 'HszfdNS0JSc', 'Florence Foster Jenkins Official Trailer #1 (2016) - Meryl Streep, Hugh Grant Movie HD', 'https://i.ytimg.com/vi/HszfdNS0JSc/hqdefault.jpg', '2016-04-27 13:18:38'),
(18, 1, 'L6vBnnryIug', 'Hello, My Name Is Doris Official Trailer #1 (2015) - Sally Field, Max Greenfield Movie HD', 'https://i.ytimg.com/vi/L6vBnnryIug/hqdefault.jpg', '2015-10-29 23:18:59'),
(19, 1, 'KkoEE1i0CX8', 'The Girl on the Train Official Teaser Trailer #1 (2016) - Emily Blunt, Haley Bennett Movie HD', 'https://i.ytimg.com/vi/KkoEE1i0CX8/hqdefault.jpg', '2016-04-20 11:52:17'),
(20, 1, '6FRB2K131-E', 'Collateral Beauty Official Trailer 2 (2016) - Will Smith Movie', 'https://i.ytimg.com/vi/6FRB2K131-E/hqdefault.jpg', '2016-11-10 14:13:15'),
(21, 1, 'lEqrpuU9fYI', 'Get Hard Official Trailer #1 (2015) - Will Ferrell, Kevin Hart Movie HD', 'https://i.ytimg.com/vi/lEqrpuU9fYI/hqdefault.jpg', '2014-12-19 18:05:57'),
(22, 1, 'IoRF_Bzuwtk', 'The Five-Year Engagement Official Trailer #1 - Judd Apatow, Jason Segel, Emily Blunt Movie (2012) HD', 'https://i.ytimg.com/vi/IoRF_Bzuwtk/hqdefault.jpg', '2011-12-07 19:11:40'),
(23, 1, 'Md6Dvxdr0AQ', 'World War Z Official Trailer #1 (2013) - Brad Pitt Movie HD', 'https://i.ytimg.com/vi/Md6Dvxdr0AQ/hqdefault.jpg', '2012-11-08 23:12:22'),
(24, 1, 'uQq3aFSijRg', 'Goodbye Christopher Robin Trailer #1 (2017) | Movieclips Trailers', 'https://i.ytimg.com/vi/uQq3aFSijRg/hqdefault.jpg', '2017-08-03 18:02:59'),
(25, 1, 'MWo67uhzoQg', 'The Hundred-Foot Journey Official Trailer #1 (2014) - Helen Mirren Movie HD', 'https://i.ytimg.com/vi/MWo67uhzoQg/hqdefault.jpg', '2014-05-14 13:44:32'),
(26, 1, 'vVaPJxe0Qxs', 'My Cousin Rachel Trailer #1 (2017) | Movieclips Trailers', 'https://i.ytimg.com/vi/vVaPJxe0Qxs/hqdefault.jpg', '2017-03-21 16:00:59'),
(27, 1, 'XthLQZWIshQ', 'Sorry to Bother You Trailer #1 (2018) | Movieclips Trailers', 'https://i.ytimg.com/vi/XthLQZWIshQ/hqdefault.jpg', '2018-03-12 00:18:22'),
(28, 1, '0F_pxMmOG4I', 'Get On Up Official Trailer #1 (2014) - James Brown Biography HD', 'https://i.ytimg.com/vi/0F_pxMmOG4I/hqdefault.jpg', '2014-03-13 22:31:58'),
(29, 1, 'Ga2z7GPSVCo', 'Zack Snyder&#39;s Justice League Trailer #1 (2021) | Movieclips Trailers', 'https://i.ytimg.com/vi/Ga2z7GPSVCo/hqdefault.jpg', '2021-02-14 15:37:46'),
(30, 1, 'Lm8p5rlrSkY', 'Interstellar Official Trailer #2 (2014) - Matthew McConaughey, Christopher Nolan Sci-Fi Movie HD', 'https://i.ytimg.com/vi/Lm8p5rlrSkY/hqdefault.jpg', '2014-07-30 16:25:50'),
(31, 1, 'w7lBleOF9Pw', 'Detachment Official Trailer #1 - Adrien Brody, Tony Kaye Movie (2012) HD', 'https://i.ytimg.com/vi/w7lBleOF9Pw/hqdefault.jpg', '2012-01-13 20:01:10'),
(32, 1, 'OMOVFvcNfvE', 'Star Wars: The Force Awakens Official Teaser Trailer #1 (2015) - J.J. Abrams Movie HD', 'https://i.ytimg.com/vi/OMOVFvcNfvE/hqdefault.jpg', '2014-11-28 14:10:21'),
(33, 1, 'B28IHhaQXCE', 'Like Sunday, Like Rain Official Trailer #1 (2015) - Leighton Meester, Billie Joe Armstrong Movie HD', 'https://i.ytimg.com/vi/B28IHhaQXCE/hqdefault.jpg', '2015-02-24 16:22:18'),
(34, 1, 'u_diRgwPCS8', 'Now You See Me Official Opening Scene (2013) - Mark Ruffalo, Morgan Freeman Movie HD', 'https://i.ytimg.com/vi/u_diRgwPCS8/hqdefault.jpg', '2013-05-08 15:44:13'),
(35, 1, 'ir0DQm25BrU', 'The Expendables 3 Teaser Trailer #2 - Roll Call (2014) - Sylvester Stallone Movie HD', 'https://i.ytimg.com/vi/ir0DQm25BrU/hqdefault.jpg', '2014-04-04 17:00:00'),
(36, 1, '7pjy5MK1X70', 'Into the Woods Official Trailer #1 (2014) - Anna Kendrick, Johnny Depp Fantasy Musical HD', 'https://i.ytimg.com/vi/7pjy5MK1X70/hqdefault.jpg', '2014-11-06 13:19:37'),
(37, 1, 'DBk1Mrb4RyM', 'The End of the Tour Official Trailer #1 (2015) - Jason Segel, Jesse Eisenberg Movie HD', 'https://i.ytimg.com/vi/DBk1Mrb4RyM/hqdefault.jpg', '2015-05-27 12:28:25'),
(38, 1, 'eeBMQpzoEXQ', 'Peppermint Trailer #1 (2018) | Movieclips Trailers', 'https://i.ytimg.com/vi/eeBMQpzoEXQ/hqdefault.jpg', '2018-05-31 15:00:06'),
(39, 1, 'd1pCQS1H2Z0', 'Infinitely Polar Bear Official Trailer #1 (2015) - Zoe Saldana, Mark Ruffalo Movie HD', 'https://i.ytimg.com/vi/d1pCQS1H2Z0/hqdefault.jpg', '2015-03-18 20:16:00'),
(40, 1, 'PbA63a7H0bo', 'The Hunger Games Official Trailer #1 - Movie (2012) HD', 'https://i.ytimg.com/vi/PbA63a7H0bo/hqdefault.jpg', '2011-11-15 21:17:55'),
(41, 1, '5klp6rkHIks', 'Ride Along Official Trailer #1 (2014) - Kevin Hart, Ice Cube Movie HD', 'https://i.ytimg.com/vi/5klp6rkHIks/hqdefault.jpg', '2013-11-08 21:21:02'),
(42, 1, '31W-jUD1Vk4', 'Wrath of Man Trailer #1 (2021) | Movieclips Trailers', 'https://i.ytimg.com/vi/31W-jUD1Vk4/hqdefault.jpg', '2021-03-29 15:21:09'),
(43, 1, 'ZkKaDXapi1o', 'Jojo Rabbit Trailer #1 (2019) | Movieclips Trailers', 'https://i.ytimg.com/vi/ZkKaDXapi1o/hqdefault.jpg', '2019-09-03 13:22:24'),
(44, 1, 'hWnAqFyaQ5s', 'Cloud Atlas Extended Trailer #1 (2012) - Tom Hanks, Halle Berry, Wachowski Movie HD', 'https://i.ytimg.com/vi/hWnAqFyaQ5s/hqdefault.jpg', '2012-07-27 05:00:33'),
(45, 1, 'hAUTdjf9rko', 'It Trailer #1 (2017) | Movieclips Trailers', 'https://i.ytimg.com/vi/hAUTdjf9rko/hqdefault.jpg', '2017-07-27 14:03:54'),
(46, 1, 'BqIuv_JX5wM', 'Liberal Arts International Trailer (2012) Josh Radnor, Elizabeth Olsen Movie', 'https://i.ytimg.com/vi/BqIuv_JX5wM/hqdefault.jpg', '2012-08-06 17:02:15'),
(47, 1, 'Mu41hu1a_8c', 'The Mountain Between Us Trailer #1 (2017) | Movieclips Trailers', 'https://i.ytimg.com/vi/Mu41hu1a_8c/hqdefault.jpg', '2017-05-31 11:07:18'),
(48, 1, 'vEyhCZK2jJM', 'James Gandolfini Tribute Video - HD Movie', 'https://i.ytimg.com/vi/vEyhCZK2jJM/hqdefault.jpg', '2013-06-20 05:46:15'),
(49, 1, '1IfQY4fNcnw', 'Safe House (2012) Trailer - HD Movie - Denzel Washington, Ryan Reynolds', 'https://i.ytimg.com/vi/1IfQY4fNcnw/hqdefault.jpg', '2011-11-03 17:45:55'),
(50, 1, 'N0p1t-dC7Ko', 'Battle Royale Official Blu-Ray Trailer - Cult Classic Movie (2000)', 'https://i.ytimg.com/vi/N0p1t-dC7Ko/hqdefault.jpg', '2012-01-12 21:19:14'),
(51, 1, 'FwauqxGbgQ0', 'Johnny Depp Surprises Fans as Captain Jack Sparrow at Disneyland!', 'https://i.ytimg.com/vi/FwauqxGbgQ0/hqdefault.jpg', '2017-05-01 15:00:18'),
(52, 1, 'Mo83rqYoAeU', 'The Mad Hatter Surprise', 'https://i.ytimg.com/vi/Mo83rqYoAeU/hqdefault.jpg', '2016-05-11 17:00:06'),
(53, 1, '_pgmFAOgm5E', 'Disney&#39;s Maleficent - &quot;Dream&quot; Trailer', 'https://i.ytimg.com/vi/_pgmFAOgm5E/hqdefault.jpg', '2014-01-27 01:39:36'),
(54, 1, '1xo3af_6_Jk', 'Teaser Trailer: Pirates of the Caribbean: Dead Men Tell No Tales', 'https://i.ytimg.com/vi/1xo3af_6_Jk/hqdefault.jpg', '2016-10-02 23:06:21'),
(55, 1, '0URpDxIjZrQ', 'Christopher Robin Official Trailer', 'https://i.ytimg.com/vi/0URpDxIjZrQ/hqdefault.jpg', '2018-05-25 17:00:02'),
(56, 1, 'HMfyueM-ZBQ', 'Togo - Official Trailer | Disney+ | Streaming Dec. 20', 'https://i.ytimg.com/vi/HMfyueM-ZBQ/hqdefault.jpg', '2019-12-04 13:01:22'),
(57, 1, 'n0OFH4xpPr4', 'Official Trailer: Disney&#39;s Maleficent: Mistress of Evil - In Theaters October 18!', 'https://i.ytimg.com/vi/n0OFH4xpPr4/hqdefault.jpg', '2019-07-08 10:47:20'),
(58, 1, 'rHsx3tFZDOk', 'The Sorcerer&#39;s Apprentice - &quot;Secrets&quot; by OneRepublic', 'https://i.ytimg.com/vi/rHsx3tFZDOk/hqdefault.jpg', '2010-07-12 22:55:05'),
(59, 1, 'w_hnqcqyYxU', 'Josh Gad tries to get answers from Daisy Ridley about Star Wars: The Rise Of Skywalker', 'https://i.ytimg.com/vi/w_hnqcqyYxU/hqdefault.jpg', '2019-12-11 17:59:44'),
(60, 1, 'e3Nl_TCQXuw', 'Beauty and the Beast – US Official Final Trailer', 'https://i.ytimg.com/vi/e3Nl_TCQXuw/hqdefault.jpg', '2017-01-31 01:44:39'),
(61, 1, 'KYWzEqX-J-4', 'Godmothered | Official Trailer | Disney+', 'https://i.ytimg.com/vi/KYWzEqX-J-4/hqdefault.jpg', '2020-11-19 14:00:23'),
(62, 1, 'Hgeu5rhoxxY', 'Pirates of the Caribbean: Dead Men Tell No Tales - Official Trailer', 'https://i.ytimg.com/vi/Hgeu5rhoxxY/hqdefault.jpg', '2017-03-02 23:01:37'),
(63, 1, 'DBDnQkQUTGU', 'Noelle | Official Trailer | Disney+ | Streaming November 12', 'https://i.ytimg.com/vi/DBDnQkQUTGU/hqdefault.jpg', '2019-08-23 22:03:32'),
(64, 1, 'L9szn1QQfas', 'TRON: LEGACY Official Trailer', 'https://i.ytimg.com/vi/L9szn1QQfas/hqdefault.jpg', '2010-03-09 00:30:54'),
(65, 1, 'OvW_L8sTu5E', 'Beauty and the Beast US Official Trailer', 'https://i.ytimg.com/vi/OvW_L8sTu5E/hqdefault.jpg', '2016-11-14 12:37:41'),
(66, 1, '0T-2J4jg-Sw', 'Sorcerer&#39;s Apprentice -- Film Clip &quot;Hungarian Mirror Trap&quot;', 'https://i.ytimg.com/vi/0T-2J4jg-Sw/hqdefault.jpg', '2010-07-16 00:29:23'),
(67, 1, 'k-T7vGdH_ek', 'TRON: LEGACY - Daft Punk&#39;s &quot;Derezzed&quot;', 'https://i.ytimg.com/vi/k-T7vGdH_ek/hqdefault.jpg', '2010-10-28 17:30:10'),
(68, 1, 'm0j8O2swT5o', 'Safety | Official Trailer | Disney+', 'https://i.ytimg.com/vi/m0j8O2swT5o/hqdefault.jpg', '2020-11-13 16:00:21'),
(69, 1, 'f_HvoipFcA8', 'Disney&#39;s Jungle Cruise | Official Trailer', 'https://i.ytimg.com/vi/f_HvoipFcA8/hqdefault.jpg', '2020-03-10 12:00:08'),
(70, 1, 'I-uIQDRS4a8', 'The One and Only Ivan | Official Trailer | Disney+', 'https://i.ytimg.com/vi/I-uIQDRS4a8/hqdefault.jpg', '2020-07-08 10:46:32'),
(71, 1, 'z4l3-_yub5A', 'Queen of Katwe - Official Trailer', 'https://i.ytimg.com/vi/z4l3-_yub5A/hqdefault.jpg', '2016-05-10 14:02:06'),
(72, 1, 'HKLgpEa7-yk', 'African Cats: &quot;The World I Knew&quot; Jordin Sparks Music Video', 'https://i.ytimg.com/vi/HKLgpEa7-yk/hqdefault.jpg', '2011-04-12 23:26:58'),
(73, 1, 'c38r-SAnTWM', 'Beauty and the Beast Official US Teaser Trailer', 'https://i.ytimg.com/vi/c38r-SAnTWM/hqdefault.jpg', '2016-05-23 10:32:31'),
(74, 1, '-3jsfXDZLIY', 'Mary Poppins Returns | Official Trailer', 'https://i.ytimg.com/vi/-3jsfXDZLIY/hqdefault.jpg', '2018-09-17 10:48:27'),
(75, 1, '2ktuvx9hrMw', 'Disney&#39;s The Nutcracker and the Four Realms - Teaser Trailer', 'https://i.ytimg.com/vi/2ktuvx9hrMw/hqdefault.jpg', '2017-12-19 12:16:10'),
(76, 1, 'foyufD52aog', 'Disney&#39;s Aladdin Official Trailer - In Theaters May 24!', 'https://i.ytimg.com/vi/foyufD52aog/hqdefault.jpg', '2019-03-12 11:45:05'),
(77, 1, 'd4RiUy23e9s', 'TRON: LEGACY Official Trailer # 3', 'https://i.ytimg.com/vi/d4RiUy23e9s/hqdefault.jpg', '2010-11-09 00:07:39'),
(78, 1, 'cyw5KiT0tM0', 'African Cats: Official Trailer', 'https://i.ytimg.com/vi/cyw5KiT0tM0/hqdefault.jpg', '2010-12-07 18:22:02'),
(79, 1, 'VlMe7PavaRQ', 'The Secret World of Arrietty Official Trailer', 'https://i.ytimg.com/vi/VlMe7PavaRQ/hqdefault.jpg', '2011-10-24 19:27:31'),
(80, 1, '4CbLXeGSDxg', 'The Lion King Official Teaser Trailer', 'https://i.ytimg.com/vi/4CbLXeGSDxg/hqdefault.jpg', '2018-11-22 21:32:21'),
(81, 1, 'UKmuvjL2cVw', 'Secretariat Trailer', 'https://i.ytimg.com/vi/UKmuvjL2cVw/hqdefault.jpg', '2010-04-27 23:17:46'),
(82, 1, 't6jIB9xHTcU', '&quot;Medley&quot; TV Spot - Disney&#39;s Beauty and the Beast', 'https://i.ytimg.com/vi/t6jIB9xHTcU/hqdefault.jpg', '2017-03-24 15:42:17'),
(83, 1, '5MwW1NAsnR8', 'Official Teaser: Disney&#39;s Maleficent: Mistress of Evil - In Theaters October 18!', 'https://i.ytimg.com/vi/5MwW1NAsnR8/hqdefault.jpg', '2019-05-13 22:08:13'),
(84, 1, 'w-XO4XiRop0', 'Disney&#39;s Maleficent - Official Trailer 3', 'https://i.ytimg.com/vi/w-XO4XiRop0/hqdefault.jpg', '2014-03-18 16:30:06'),
(85, 1, 'fE-e7v4bvxw', 'Stargirl | Official Trailer | Disney+', 'https://i.ytimg.com/vi/fE-e7v4bvxw/hqdefault.jpg', '2020-01-15 12:30:30'),
(86, 1, '7NiYVoqBt-8', 'Dumbo Official Trailer', 'https://i.ytimg.com/vi/7NiYVoqBt-8/hqdefault.jpg', '2018-11-15 00:47:07'),
(87, 1, 'BQmllwTKtqU', 'Disney&#39;s The Finest Hours - Trailer 1', 'https://i.ytimg.com/vi/BQmllwTKtqU/hqdefault.jpg', '2015-07-08 13:56:45'),
(88, 1, 'c1sS3fLOJFg', '&quot;Awkward Situation&quot; Clip - Maleficent', 'https://i.ytimg.com/vi/c1sS3fLOJFg/hqdefault.jpg', '2014-05-09 14:00:05'),
(89, 1, 'a2vmAttpgrg', 'The Nutcracker and The Four Realms - Official Trailer #2', 'https://i.ytimg.com/vi/a2vmAttpgrg/hqdefault.jpg', '2018-08-08 05:15:56'),
(90, 1, 'McZyOEekZy4', '&quot;The Voices&quot; Featurette - The Jungle Book', 'https://i.ytimg.com/vi/McZyOEekZy4/hqdefault.jpg', '2016-04-06 14:00:02'),
(91, 1, 'bZ7Li5w2I-k', 'PRINCE OF PERSIA: THE SANDS OF TIME MOVIE TRAILER', 'https://i.ytimg.com/vi/bZ7Li5w2I-k/hqdefault.jpg', '2009-11-04 16:26:05'),
(92, 1, '20DF6U1HcGQ', 'Disney&#39;s Cinderella Official US Trailer', 'https://i.ytimg.com/vi/20DF6U1HcGQ/hqdefault.jpg', '2014-11-19 13:00:02'),
(93, 1, 'VZ3lr3urgDU', 'Jim Carreys A Christmas Carol Official Trailer', 'https://i.ytimg.com/vi/VZ3lr3urgDU/hqdefault.jpg', '2009-09-15 22:29:04'),
(94, 1, 'CpO4w3nb7zI', 'Disney’s Cruella | Sneak Peek', 'https://i.ytimg.com/vi/CpO4w3nb7zI/hqdefault.jpg', '2021-03-15 00:52:16'),
(95, 1, 'XBfcGLBJ2Uc', 'Frankenweenie Trailer', 'https://i.ytimg.com/vi/XBfcGLBJ2Uc/hqdefault.jpg', '2012-03-02 18:39:37'),
(96, 1, 'owpbYmxtEJo', 'Disney Nature- &quot;Oceans&quot; Teaser  (HD!)', 'https://i.ytimg.com/vi/owpbYmxtEJo/hqdefault.jpg', '2009-04-30 22:18:59'),
(97, 1, '704EXbJ-b5k', 'Disney&#39;s Maleficent Official Teaser Trailer', 'https://i.ytimg.com/vi/704EXbJ-b5k/hqdefault.jpg', '2013-11-13 13:00:25'),
(98, 1, 'MaJ6Ir_H2xI', '&quot;Can You Feel The Love Tonight?&quot; TV Spot | The Lion King', 'https://i.ytimg.com/vi/MaJ6Ir_H2xI/hqdefault.jpg', '2019-06-23 14:00:05'),
(99, 1, 'nijccxWvyXU', 'Saving Mr. Banks Official Trailer', 'https://i.ytimg.com/vi/nijccxWvyXU/hqdefault.jpg', '2013-07-12 14:02:28'),
(100, 1, 'C4qgAaxB_pc', 'The Jungle Book Official Big Game Trailer', 'https://i.ytimg.com/vi/C4qgAaxB_pc/hqdefault.jpg', '2016-02-07 22:59:55'),
(101, 1, 'BQ7IAbWKmzg', 'D Smoke Stuns in the Finale with Last Supper | Rhythm + Flow | Netflix', 'https://i.ytimg.com/vi/BQ7IAbWKmzg/hqdefault.jpg', '2019-10-30 15:30:00'),
(102, 1, 'PtJ6yAGjsIs', 'Narcos | Opening Credits [HD] | Netflix', 'https://i.ytimg.com/vi/PtJ6yAGjsIs/hqdefault.jpg', '2015-08-28 20:48:13'),
(103, 1, 'LH6v9_M4Vbc', 'Drag Queens Trixie Mattel and Katya React to The Circle | I Like to Watch | Netflix', 'https://i.ytimg.com/vi/LH6v9_M4Vbc/hqdefault.jpg', '2020-01-31 16:00:00'),
(104, 1, 'QrCmkdy8Wzg', 'The Best Bloopers from Lucifer | Netflix', 'https://i.ytimg.com/vi/QrCmkdy8Wzg/hqdefault.jpg', '2020-09-13 13:00:00'),
(105, 1, '0Kcf0XNwbi4', 'I Am Not Okay With This Blooper Reel | Netflix | Now Streaming', 'https://i.ytimg.com/vi/0Kcf0XNwbi4/hqdefault.jpg', '2020-03-11 13:30:00'),
(106, 1, 'edDSkAFrd5Y', 'Flirting with British Accents: Sex Education | Charm Battle | Netflix', 'https://i.ytimg.com/vi/edDSkAFrd5Y/hqdefault.jpg', '2019-01-11 16:59:57'),
(107, 1, '1JLUn2DFW4w', 'El Camino: A Breaking Bad Movie | Official Trailer | Netflix', 'https://i.ytimg.com/vi/1JLUn2DFW4w/hqdefault.jpg', '2019-09-24 12:30:03'),
(108, 1, '2jPdejek5QA', 'To All The Boys: Always and Forever | Official Trailer | Netflix', 'https://i.ytimg.com/vi/2jPdejek5QA/hqdefault.jpg', '2021-01-13 14:00:04'),
(109, 1, '_1DcpANmSQg', 'Drag Queens Trixie Mattel &amp; Katya React to RuPaul&#39;s AJ and the Queen | I Like to Watch | Netflix', 'https://i.ytimg.com/vi/_1DcpANmSQg/hqdefault.jpg', '2020-01-18 15:00:00'),
(110, 1, 'ozYbqDiXT3I', '&quot;ENCHANTED&quot; By Chloe X Halle | El Camino: A Breaking Bad Movie | Netflix', 'https://i.ytimg.com/vi/ozYbqDiXT3I/hqdefault.jpg', '2019-09-10 11:00:00'),
(111, 1, 'nkKjlXEp11Y', 'Flirting With Chase Stokes of Outer Banks | Charm Battle | Netflix', 'https://i.ytimg.com/vi/nkKjlXEp11Y/hqdefault.jpg', '2020-05-01 16:00:00'),
(112, 1, '0DAmWHxeoKw', 'The Umbrella Academy | Official Trailer | Netflix', 'https://i.ytimg.com/vi/0DAmWHxeoKw/hqdefault.jpg', '2019-01-24 15:30:11'),
(113, 1, 'aViLtXEtgqs', 'Formula 1: Drive to Survive (Season 3) | Official Trailer | Netflix', 'https://i.ytimg.com/vi/aViLtXEtgqs/hqdefault.jpg', '2021-03-05 12:00:00'),
(114, 1, 'kfsTk2AvY88', 'Drag Queens Trixie Mattel &amp; Katya React to Big Mouth | I Like to Watch | Netflix', 'https://i.ytimg.com/vi/kfsTk2AvY88/hqdefault.jpg', '2020-12-05 15:00:00'),
(115, 1, 'W1AdGVHUHx8', 'Drag Queens Trixie Mattel &amp; Katya React to Glow Up Season 2 | I Like to Watch | Netflix', 'https://i.ytimg.com/vi/W1AdGVHUHx8/hqdefault.jpg', '2020-08-25 13:00:00'),
(116, 1, 'Ei_VSpemnMk', 'Drag Queens Trixie Mattel &amp; Katya React to Ratched | I Like to Watch | Netflix', 'https://i.ytimg.com/vi/Ei_VSpemnMk/hqdefault.jpg', '2021-03-27 14:00:00'),
(117, 1, 'TFJwUwnShnA', 'Money Heist: Part 3 | Official Trailer | Netflix', 'https://i.ytimg.com/vi/TFJwUwnShnA/hqdefault.jpg', '2019-06-03 10:26:24'),
(118, 1, 'fLw8at0VT1M', 'Fuller House | Carly Rae Jepsen Theme Song [HD] | Netflix', 'https://i.ytimg.com/vi/fLw8at0VT1M/hqdefault.jpg', '2016-02-26 07:00:00'),
(119, 1, 'fQlX317HyAI', 'KJ Apa &amp; Maia Mitchell BURN BATTLE: New Zealand VS Australia | The Last Summer | Netflix', 'https://i.ytimg.com/vi/fQlX317HyAI/hqdefault.jpg', '2019-05-03 15:30:01'),
(120, 1, 'n1UJgrNRcvI', 'Conversations with a Killer: The Ted Bundy Tapes | Official Trailer [HD] | Netflix', 'https://i.ytimg.com/vi/n1UJgrNRcvI/hqdefault.jpg', '2019-01-14 16:30:08'),
(121, 1, 'eat6MV1VsBA', 'Flawless Real Talk Gets Emotional Performing On My Way | Rhythm + Flow | Netflix', 'https://i.ytimg.com/vi/eat6MV1VsBA/hqdefault.jpg', '2019-10-30 15:30:01'),
(122, 1, '3mTh2joPPj8', 'Lucifer Season 5 | Official Trailer | Netflix', 'https://i.ytimg.com/vi/3mTh2joPPj8/hqdefault.jpg', '2020-07-13 11:30:00'),
(123, 1, 'rX40mBb8bkU', 'Our Planet | Birds Of Paradise | Exclusive Clip | Netflix', 'https://i.ytimg.com/vi/rX40mBb8bkU/hqdefault.jpg', '2019-03-22 13:30:50'),
(124, 1, 'udh2D_0jqBY', 'The Cast of Elite Plays Never Have I Ever | Netflix', 'https://i.ytimg.com/vi/udh2D_0jqBY/hqdefault.jpg', '2019-08-21 16:00:14'),
(125, 1, '0XuOkYlUWIs', '13 Reasons Why: Season 2 | Official Trailer | Netflix', 'https://i.ytimg.com/vi/0XuOkYlUWIs/hqdefault.jpg', '2018-05-08 12:00:00'),
(126, 1, 'wWoW9-HBIwI', 'DOTA: Dragon&#39;s Blood | Teaser | Netflix', 'https://i.ytimg.com/vi/wWoW9-HBIwI/hqdefault.jpg', '2021-02-19 17:00:01'),
(127, 1, 'zfQXKVCudec', 'All the Bright Places starring Elle Fanning &amp; Justice Smith | Official Trailer | Netflix', 'https://i.ytimg.com/vi/zfQXKVCudec/hqdefault.jpg', '2020-02-06 14:00:00'),
(128, 1, 'BHi-a1n8t7M', 'Marriage Story | Official Trailer | Netflix', 'https://i.ytimg.com/vi/BHi-a1n8t7M/hqdefault.jpg', '2019-10-17 15:00:03'),
(129, 1, 'dTCWOn5sYZA', 'Drag Queens Trixie Mattel and Katya React to Chilling Adventures of Sabrina | Netflix', 'https://i.ytimg.com/vi/dTCWOn5sYZA/hqdefault.jpg', '2020-02-08 15:00:01'),
(130, 1, 'kpETnEEHVL8', 'Chilling Adventures of Sabrina | Bloopers Part 3 - 4 | Netflix', 'https://i.ytimg.com/vi/kpETnEEHVL8/hqdefault.jpg', '2021-01-06 17:00:01'),
(131, 1, 'RlfooqeZcdY', 'The Platform | Main Trailer | Netflix', 'https://i.ytimg.com/vi/RlfooqeZcdY/hqdefault.jpg', '2020-03-06 14:00:00'),
(132, 1, '-T7VXlB4qUI', 'The Trials of Gabriel Fernandez | Official Trailer | Netflix', 'https://i.ytimg.com/vi/-T7VXlB4qUI/hqdefault.jpg', '2020-02-19 16:00:00'),
(133, 1, 'n83s6NO1NE0', 'Marvel’s Daredevil: Season 3 | Official Trailer [HD] | Netflix', 'https://i.ytimg.com/vi/n83s6NO1NE0/hqdefault.jpg', '2018-10-04 13:00:06'),
(134, 1, 'j_ydMKCCXg0', 'Outer Banks vs Never Have I Ever vs On My Block | Smoothie Challenge | Netflix', 'https://i.ytimg.com/vi/j_ydMKCCXg0/hqdefault.jpg', '2020-05-31 15:00:00'),
(135, 1, 'svVykTznk9Q', 'The King - Timothée Chalamet, Robert Pattinson | Final Trailer | Netflix Film', 'https://i.ytimg.com/vi/svVykTznk9Q/hqdefault.jpg', '2019-10-24 11:00:01'),
(136, 1, 'A_apvQkWsVY', 'Stowaway | Official Trailer | Netflix', 'https://i.ytimg.com/vi/A_apvQkWsVY/hqdefault.jpg', '2021-03-24 12:15:01'),
(137, 1, 'grq5tON-Noc', 'Big Mouth | My Furry Valentine Sing-Along | Netflix', 'https://i.ytimg.com/vi/grq5tON-Noc/hqdefault.jpg', '2019-02-14 15:00:09'),
(138, 1, 'x41SMm-9-i4', 'Don&#39;t F**k With Cats: Hunting an Internet Killer | Official Trailer | Netflix', 'https://i.ytimg.com/vi/x41SMm-9-i4/hqdefault.jpg', '2019-12-04 14:30:01'),
(139, 1, 'n6b2il1O55U', 'Shawn Mendes: In Wonder | Official Trailer | Netflix', 'https://i.ytimg.com/vi/n6b2il1O55U/hqdefault.jpg', '2020-10-21 14:00:01'),
(140, 1, 'Mva2nGveYss', 'Night Stalker: The Hunt For a Serial Killer | Official Trailer | Netflix', 'https://i.ytimg.com/vi/Mva2nGveYss/hqdefault.jpg', '2020-12-15 17:00:03'),
(141, 1, 'HyOCCCbxwMQ', 'Never Have I Ever | Official Trailer | Netflix', 'https://i.ytimg.com/vi/HyOCCCbxwMQ/hqdefault.jpg', '2020-04-15 18:00:01'),
(142, 1, '_xEDCg-9lIw', 'Awesome God / God Only Knows ft. Bailee Madison &amp; Kevin Quinn | A Week Away', 'https://i.ytimg.com/vi/_xEDCg-9lIw/hqdefault.jpg', '2021-03-29 16:00:00'),
(143, 1, 'XByiHpUvrj0', 'History of Swear Words | Official Trailer | Netflix', 'https://i.ytimg.com/vi/XByiHpUvrj0/hqdefault.jpg', '2020-12-22 15:00:00'),
(144, 1, '39jQcGNfl-0', 'Umbrella Academy Cast Reads You their Most Absurd Phone Notes | Netflix', 'https://i.ytimg.com/vi/39jQcGNfl-0/hqdefault.jpg', '2020-07-26 13:00:00'),
(145, 1, 'FxPI5fOP3tA', 'Elite | Party Teaser [HD] | Netflix', 'https://i.ytimg.com/vi/FxPI5fOP3tA/hqdefault.jpg', '2018-09-03 10:59:49'),
(146, 1, '-wJxorwz2tY', 'Best of Pitbull ft. Ludacris | Big Mouth | Netflix', 'https://i.ytimg.com/vi/-wJxorwz2tY/hqdefault.jpg', '2019-11-02 13:00:00'),
(147, 1, '810CHvSdXOo', 'Dark Season 2 | Trilogy Trailer | Netflix', 'https://i.ytimg.com/vi/810CHvSdXOo/hqdefault.jpg', '2019-05-30 06:00:00'),
(148, 1, '3Vi8YvmzddQ', 'Ginny &amp; Georgia Cast Take the Best Friends Challenge | Netflix', 'https://i.ytimg.com/vi/3Vi8YvmzddQ/hqdefault.jpg', '2021-02-28 15:00:00'),
(149, 1, '3ieIFdX-6Mo', 'Drag Queens Trixie Mattel &amp; Katya React to The Umbrella Academy Season 2 | I Like to Watch | Netflix', 'https://i.ytimg.com/vi/3ieIFdX-6Mo/hqdefault.jpg', '2020-08-15 13:00:00'),
(150, 1, 'cq2iTHoLrt0', 'Dark Season 3 | Official Trailer | Netflix', 'https://i.ytimg.com/vi/cq2iTHoLrt0/hqdefault.jpg', '2020-06-12 04:00:00');

--
-- Table structure for table `film`
--

DROP TABLE IF EXISTS `film`;
CREATE TABLE IF NOT EXISTS `film` (
  `film_id` int(11) NOT NULL AUTO_INCREMENT,
  `film_title` varchar(255) NOT NULL,
  `description` text NOT NULL,
  `year_released` year(4) NOT NULL,
  `trailer_id` int(11) DEFAULT NULL,
  `poster` varchar(255) DEFAULT NULL,
  PRIMARY KEY (`film_id`),
  KEY `trailer_id` (`trailer_id`)
) ENGINE=InnoDB AUTO_INCREMENT=1001 DEFAULT CHARSET=utf8;

--
-- Dumping data for table `film`
--

INSERT INTO `film` (`film_id`, `film_title`, `description`, `year_released`, `trailer_id`, `poster`) VALUES
(1, 'ACADEMY DINOSAUR', 'A Epic Drama of a Feminist And a Mad Scientist who must Battle a Teacher in The Canadian Rockies', 2006, 1, NULL),
(2, 'ACE GOLDFINGER', 'A Astounding Epistle of a Database Administrator And a Explorer who must Find a Car in Ancient China', 2006, 2, NULL),
(3, 'ADAPTATION HOLES', 'A Astounding Reflection of a Lumberjack And a Car who must Sink a Lumberjack in A Baloon Factory', 2006, 3, NULL),
(4, 'AFFAIR PREJUDICE', 'A Fanciful Documentary of a Frisbee And a Lumberjack who must Chase a Monkey in A Shark Tank', 2006, 4, NULL),
(5, 'AFRICAN EGG', 'A Fast-Paced Documentary of a Pastry Chef And a Dentist who must Pursue a Forensic Psychologist in The Gulf of Mexico', 2006, 5, NULL),
(6, 'AGENT TRUMAN', 'A Intrepid Panorama of a Robot And a Boy who must Escape a Sumo Wrestler in Ancient China', 2006, 6, NULL),
(7, 'AIRPLANE SIERRA', 'A Touching Saga of a Hunter And a Butler who must Discover a Butler in A Jet Boat', 2006, 7, NULL),
(8, 'AIRPORT POLLOCK', 'A Epic Tale of a Moose And a Girl who must Confront a Monkey in Ancient India', 2006, 8, NULL),
(9, 'ALABAMA DEVIL', 'A Thoughtful Panorama of a Database Administrator And a Mad Scientist who must Outgun a Mad Scientist in A Jet Boat', 2006, 9, NULL),
(10, 'ALADDIN CALENDAR', 'A Action-Packed Tale of a Man And a Lumberjack who must Reach a Feminist in Ancient China', 2006, 10, NULL),
(11, 'ALAMO VIDEOTAPE', 'A Boring Epistle of a Butler And a Cat who must Fight a Pastry Chef in A MySQL Convention', 2006, 11, NULL),
(12, 'ALASKA PHANTOM', 'A Fanciful Saga of a Hunter And a Pastry Chef who must Vanquish a Boy in Australia', 2006, 12, NULL),
(13, 'ALI FOREVER', 'A Action-Packed Drama of a Dentist And a Crocodile who must Battle a Feminist in The Canadian Rockies', 2006, 13, NULL),
(14, 'ALICE FANTASIA', 'A Emotional Drama of a A Shark And a Database Administrator who must Vanquish a Pioneer in Soviet Georgia', 2006, 14, NULL),
(15, 'ALIEN CENTER', 'A Brilliant Drama of a Cat And a Mad Scientist who must Battle a Feminist in A MySQL Convention', 2006, 15, NULL),
(16, 'ALLEY EVOLUTION', 'A Fast-Paced Drama of a Robot And a Composer who must Battle a Astronaut in New Orleans', 2006, 16, NULL),
(17, 'ALONE TRIP', 'A Fast-Paced Character Study of a Composer And a Dog who must Outgun a Boat in An Abandoned Fun House', 2006, 17, NULL),
(18, 'ALTER VICTORY', 'A Thoughtful Drama of a Composer And a Feminist who must Meet a Secret Agent in The Canadian Rockies', 2006, 18, NULL),
(19, 'AMADEUS HOLY', 'A Emotional Display of a Pioneer And a Technical Writer who must Battle a Man in A Baloon', 2006, 19, NULL),
(20, 'AMELIE HELLFIGHTERS', 'A Boring Drama of a Woman And a Squirrel who must Conquer a Student in A Baloon', 2006, 20, NULL),
(21, 'AMERICAN CIRCUS', 'A Insightful Drama of a Girl And a Astronaut who must Face a Database Administrator in A Shark Tank', 2006, 21, NULL),
(22, 'AMISTAD MIDSUMMER', 'A Emotional Character Study of a Dentist And a Crocodile who must Meet a Sumo Wrestler in California', 2006, 22, NULL),
(23, 'ANACONDA CONFESSIONS', 'A Lacklusture Display of a Dentist And a Dentist who must Fight a Girl in Australia', 2006, 23, NULL),
(24, 'ANALYZE HOOSIERS', 'A Thoughtful Display of a Explorer And a Pastry Chef who must Overcome a Feminist in The Sahara Desert', 2006, 24, NULL),
(25, 'ANGELS LIFE', 'A Thoughtful Display of a Woman And a Astronaut who must Battle a Robot in Berlin', 2006, 25, NULL),
(26, 'ANNIE IDENTITY', 'A Amazing Panorama of a Pastry Chef And a Boat who must Escape a Woman in An Abandoned Amusement Park', 2006, 26, NULL),
(27, 'ANONYMOUS HUMAN', 'A Amazing Reflection of a Database Administrator And a Astronaut who must Outrace a Database Administrator in A Shark Tank', 2006, 27, NULL),
(28, 'ANTHEM LUKE', 'A Touching Panorama of a Waitress And a Woman who must Outrace a Dog in An Abandoned Amusement Park', 2006, 28, NULL),
(29, 'ANTITRUST TOMATOES', 'A Fateful Yarn of a Womanizer And a Feminist who must Succumb a Database Administrator in Ancient India', 2006, 29, NULL),
(30, 'ANYTHING SAVANNAH', 'A Epic Story of a Pastry Chef And a Woman who must Chase a Feminist in An Abandoned Fun House', 2006, 30, NULL),
(31, 'APACHE DIVINE', 'A Awe-Inspiring Reflection of a Pastry Chef And a Teacher who must Overcome a Sumo Wrestler in A U-Boat', 2006, 31, NULL),
(32, 'APOCALYPSE FLAMINGOS', 'A Astounding Story of a Dog And a Squirrel who must Defeat a Woman in An Abandoned Amusement Park', 2006, 32, NULL),
(33, 'APOLLO TEEN', 'A Action-Packed Reflection of a Crocodile And a Explorer who must Find a Sumo Wrestler in An Abandoned Mine Shaft', 2006, 33, NULL),
(34, 'ARABIA DOGMA', 'A Touching Epistle of a Madman And a Mad Cow who must Defeat a Student in Nigeria', 2006, 34, NULL),
(35, 'ARACHNOPHOBIA ROLLERCOASTER', 'A Action-Packed Reflection of a Pastry Chef And a Composer who must Discover a Mad Scientist in The First Manned Space Station', 2006, 35, NULL),
(36, 'ARGONAUTS TOWN', 'A Emotional Epistle of a Forensic Psychologist And a Butler who must Challenge a Waitress in An Abandoned Mine Shaft', 2006, 36, NULL),
(37, 'ARIZONA BANG', 'A Brilliant Panorama of a Mad Scientist And a Mad Cow who must Meet a Pioneer in A Monastery', 2006, 37, NULL),
(38, 'ARK RIDGEMONT', 'A Beautiful Yarn of a Pioneer And a Monkey who must Pursue a Explorer in The Sahara Desert', 2006, 38, NULL),
(39, 'ARMAGEDDON LOST', 'A Fast-Paced Tale of a Boat And a Teacher who must Succumb a Composer in An Abandoned Mine Shaft', 2006, 39, NULL),
(40, 'ARMY FLINTSTONES', 'A Boring Saga of a Database Administrator And a Womanizer who must Battle a Waitress in Nigeria', 2006, 40, NULL),
(41, 'ARSENIC INDEPENDENCE', 'A Fanciful Documentary of a Mad Cow And a Womanizer who must Find a Dentist in Berlin', 2006, 41, NULL),
(42, 'ARTIST COLDBLOODED', 'A Stunning Reflection of a Robot And a Moose who must Challenge a Woman in California', 2006, 42, NULL),
(43, 'ATLANTIS CAUSE', 'A Thrilling Yarn of a Feminist And a Hunter who must Fight a Technical Writer in A Shark Tank', 2006, 43, NULL),
(44, 'ATTACKS HATE', 'A Fast-Paced Panorama of a Technical Writer And a Mad Scientist who must Find a Feminist in An Abandoned Mine Shaft', 2006, 44, NULL),
(45, 'ATTRACTION NEWTON', 'A Astounding Panorama of a Composer And a Frisbee who must Reach a Husband in Ancient Japan', 2006, 45, NULL),
(46, 'AUTUMN CROW', 'A Beautiful Tale of a Dentist And a Mad Cow who must Battle a Moose in The Sahara Desert', 2006, 46, NULL),
(47, 'BABY HALL', 'A Boring Character Study of a A Shark And a Girl who must Outrace a Feminist in An Abandoned Mine Shaft', 2006, 47, NULL),
(48, 'BACKLASH UNDEFEATED', 'A Stunning Character Study of a Mad Scientist And a Mad Cow who must Kill a Car in A Monastery', 2006, 48, NULL),
(49, 'BADMAN DAWN', 'A Emotional Panorama of a Pioneer And a Composer who must Escape a Mad Scientist in A Jet Boat', 2006, 49, NULL),
(50, 'BAKED CLEOPATRA', 'A Stunning Drama of a Forensic Psychologist And a Husband who must Overcome a Waitress in A Monastery', 2006, 50, NULL),
(51, 'BALLOON HOMEWARD', 'A Insightful Panorama of a Forensic Psychologist And a Mad Cow who must Build a Mad Scientist in The First Manned Space Station', 2006, 51, NULL),
(52, 'BALLROOM MOCKINGBIRD', 'A Thrilling Documentary of a Composer And a Monkey who must Find a Feminist in California', 2006, 52, NULL),
(53, 'BANG KWAI', 'A Epic Drama of a Madman And a Cat who must Face a A Shark in An Abandoned Amusement Park', 2006, 53, NULL),
(54, 'BANGER PINOCCHIO', 'A Awe-Inspiring Drama of a Car And a Pastry Chef who must Chase a Crocodile in The First Manned Space Station', 2006, 54, NULL),
(55, 'BARBARELLA STREETCAR', 'A Awe-Inspiring Story of a Feminist And a Cat who must Conquer a Dog in A Monastery', 2006, 55, NULL),
(56, 'BAREFOOT MANCHURIAN', 'A Intrepid Story of a Cat And a Student who must Vanquish a Girl in An Abandoned Amusement Park', 2006, 56, NULL),
(57, 'BASIC EASY', 'A Stunning Epistle of a Man And a Husband who must Reach a Mad Scientist in A Jet Boat', 2006, 57, NULL),
(58, 'BEACH HEARTBREAKERS', 'A Fateful Display of a Womanizer And a Mad Scientist who must Outgun a A Shark in Soviet Georgia', 2006, 58, NULL),
(59, 'BEAR GRACELAND', 'A Astounding Saga of a Dog And a Boy who must Kill a Teacher in The First Manned Space Station', 2006, 59, NULL),
(60, 'BEAST HUNCHBACK', 'A Awe-Inspiring Epistle of a Student And a Squirrel who must Defeat a Boy in Ancient China', 2006, 60, NULL),
(61, 'BEAUTY GREASE', 'A Fast-Paced Display of a Composer And a Moose who must Sink a Robot in An Abandoned Mine Shaft', 2006, 61, NULL),
(62, 'BED HIGHBALL', 'A Astounding Panorama of a Lumberjack And a Dog who must Redeem a Woman in An Abandoned Fun House', 2006, 62, NULL),
(63, 'BEDAZZLED MARRIED', 'A Astounding Character Study of a Madman And a Robot who must Meet a Mad Scientist in An Abandoned Fun House', 2006, 63, NULL),
(64, 'BEETHOVEN EXORCIST', 'A Epic Display of a Pioneer And a Student who must Challenge a Butler in The Gulf of Mexico', 2006, 64, NULL),
(65, 'BEHAVIOR RUNAWAY', 'A Unbelieveable Drama of a Student And a Husband who must Outrace a Sumo Wrestler in Berlin', 2006, 65, NULL),
(66, 'BENEATH RUSH', 'A Astounding Panorama of a Man And a Monkey who must Discover a Man in The First Manned Space Station', 2006, 66, NULL),
(67, 'BERETS AGENT', 'A Taut Saga of a Crocodile And a Boy who must Overcome a Technical Writer in Ancient China', 2006, 67, NULL),
(68, 'BETRAYED REAR', 'A Emotional Character Study of a Boat And a Pioneer who must Find a Explorer in A Shark Tank', 2006, 68, NULL),
(69, 'BEVERLY OUTLAW', 'A Fanciful Documentary of a Womanizer And a Boat who must Defeat a Madman in The First Manned Space Station', 2006, 69, NULL),
(70, 'BIKINI BORROWERS', 'A Astounding Drama of a Astronaut And a Cat who must Discover a Woman in The First Manned Space Station', 2006, 70, NULL),
(71, 'BILKO ANONYMOUS', 'A Emotional Reflection of a Teacher And a Man who must Meet a Cat in The First Manned Space Station', 2006, 71, NULL),
(72, 'BILL OTHERS', 'A Stunning Saga of a Mad Scientist And a Forensic Psychologist who must Challenge a Squirrel in A MySQL Convention', 2006, 72, NULL),
(73, 'BINGO TALENTED', 'A Touching Tale of a Girl And a Crocodile who must Discover a Waitress in Nigeria', 2006, 73, NULL),
(74, 'BIRCH ANTITRUST', 'A Fanciful Panorama of a Husband And a Pioneer who must Outgun a Dog in A Baloon', 2006, 74, NULL),
(75, 'BIRD INDEPENDENCE', 'A Thrilling Documentary of a Car And a Student who must Sink a Hunter in The Canadian Rockies', 2006, 75, NULL),
(76, 'BIRDCAGE CASPER', 'A Fast-Paced Saga of a Frisbee And a Astronaut who must Overcome a Feminist in Ancient India', 2006, 76, NULL),
(77, 'BIRDS PERDITION', 'A Boring Story of a Womanizer And a Pioneer who must Face a Dog in California', 2006, 77, NULL),
(78, 'BLACKOUT PRIVATE', 'A Intrepid Yarn of a Pastry Chef And a Mad Scientist who must Challenge a Secret Agent in Ancient Japan', 2006, 78, NULL),
(79, 'BLADE POLISH', 'A Thoughtful Character Study of a Frisbee And a Pastry Chef who must Fight a Dentist in The First Manned Space Station', 2006, 79, NULL),
(80, 'BLANKET BEVERLY', 'A Emotional Documentary of a Student And a Girl who must Build a Boat in Nigeria', 2006, 80, NULL),
(81, 'BLINDNESS GUN', 'A Touching Drama of a Robot And a Dentist who must Meet a Hunter in A Jet Boat', 2006, 81, NULL),
(82, 'BLOOD ARGONAUTS', 'A Boring Drama of a Explorer And a Man who must Kill a Lumberjack in A Manhattan Penthouse', 2006, 82, NULL),
(83, 'BLUES INSTINCT', 'A Insightful Documentary of a Boat And a Composer who must Meet a Forensic Psychologist in An Abandoned Fun House', 2006, 83, NULL),
(84, 'BOILED DARES', 'A Awe-Inspiring Story of a Waitress And a Dog who must Discover a Dentist in Ancient Japan', 2006, 84, NULL),
(85, 'BONNIE HOLOCAUST', 'A Fast-Paced Story of a Crocodile And a Robot who must Find a Moose in Ancient Japan', 2006, 85, NULL),
(86, 'BOOGIE AMELIE', 'A Lacklusture Character Study of a Husband And a Sumo Wrestler who must Succumb a Technical Writer in The Gulf of Mexico', 2006, 86, NULL),
(87, 'BOONDOCK BALLROOM', 'A Fateful Panorama of a Crocodile And a Boy who must Defeat a Monkey in The Gulf of Mexico', 2006, 87, NULL),
(88, 'BORN SPINAL', 'A Touching Epistle of a Frisbee And a Husband who must Pursue a Student in Nigeria', 2006, 88, NULL),
(89, 'BORROWERS BEDAZZLED', 'A Brilliant Epistle of a Teacher And a Sumo Wrestler who must Defeat a Man in An Abandoned Fun House', 2006, 89, NULL),
(90, 'BOULEVARD MOB', 'A Fateful Epistle of a Moose And a Monkey who must Confront a Lumberjack in Ancient China', 2006, 90, NULL),
(91, 'BOUND CHEAPER', 'A Thrilling Panorama of a Database Administrator And a Astronaut who must Challenge a Lumberjack in A Baloon', 2006, 91, NULL),
(92, 'BOWFINGER GABLES', 'A Fast-Paced Yarn of a Waitress And a Composer who must Outgun a Dentist in California', 2006, 92, NULL),
(93, 'BRANNIGAN SUNRISE', 'A Amazing Epistle of a Moose And a Crocodile who must Outrace a Dog in Berlin', 2006, 93, NULL),
(94, 'BRAVEHEART HUMAN', 'A Insightful Story of a Dog And a Pastry Chef who must Battle a Girl in Berlin', 2006, 94, NULL),
(95, 'BREAKFAST GOLDFINGER', 'A Beautiful Reflection of a Student And a Student who must Fight a Moose in Berlin', 2006, 95, NULL),
(96, 'BREAKING HOME', 'A Beautiful Display of a Secret Agent And a Monkey who must Battle a Sumo Wrestler in An Abandoned Mine Shaft', 2006, 96, NULL),
(97, 'BRIDE INTRIGUE', 'A Epic Tale of a Robot And a Monkey who must Vanquish a Man in New Orleans', 2006, 97, NULL),
(98, 'BRIGHT ENCOUNTERS', 'A Fateful Yarn of a Lumberjack And a Feminist who must Conquer a Student in A Jet Boat', 2006, 98, NULL),
(99, 'BRINGING HYSTERICAL', 'A Fateful Saga of a A Shark And a Technical Writer who must Find a Woman in A Jet Boat', 2006, 99, NULL),
(100, 'BROOKLYN DESERT', 'A Beautiful Drama of a Dentist And a Composer who must Battle a Sumo Wrestler in The First Manned Space Station', 2006, 100, NULL),
(101, 'BROTHERHOOD BLANKET', 'A Fateful Character Study of a Butler And a Technical Writer who must Sink a Astronaut in Ancient Japan', 2006, 101, NULL),
(102, 'BUBBLE GROSSE', 'A Awe-Inspiring Panorama of a Crocodile And a Moose who must Confront a Girl in A Baloon', 2006, 102, NULL),
(103, 'BUCKET BROTHERHOOD', 'A Amazing Display of a Girl And a Womanizer who must Succumb a Lumberjack in A Baloon Factory', 2006, 103, NULL),
(104, 'BUGSY SONG', 'A Awe-Inspiring Character Study of a Secret Agent And a Boat who must Find a Squirrel in The First Manned Space Station', 2006, 104, NULL),
(105, 'BULL SHAWSHANK', 'A Fanciful Drama of a Moose And a Squirrel who must Conquer a Pioneer in The Canadian Rockies', 2006, 105, NULL),
(106, 'BULWORTH COMMANDMENTS', 'A Amazing Display of a Mad Cow And a Pioneer who must Redeem a Sumo Wrestler in The Outback', 2006, 106, NULL),
(107, 'BUNCH MINDS', 'A Emotional Story of a Feminist And a Feminist who must Escape a Pastry Chef in A MySQL Convention', 2006, 107, NULL),
(108, 'BUTCH PANTHER', 'A Lacklusture Yarn of a Feminist And a Database Administrator who must Face a Hunter in New Orleans', 2006, 108, NULL),
(109, 'BUTTERFLY CHOCOLAT', 'A Fateful Story of a Girl And a Composer who must Conquer a Husband in A Shark Tank', 2006, 109, NULL),
(110, 'CABIN FLASH', 'A Stunning Epistle of a Boat And a Man who must Challenge a A Shark in A Baloon Factory', 2006, 110, NULL),
(111, 'CADDYSHACK JEDI', 'A Awe-Inspiring Epistle of a Woman And a Madman who must Fight a Robot in Soviet Georgia', 2006, 111, NULL),
(112, 'CALENDAR GUNFIGHT', 'A Thrilling Drama of a Frisbee And a Lumberjack who must Sink a Man in Nigeria', 2006, 112, NULL),
(113, 'CALIFORNIA BIRDS', 'A Thrilling Yarn of a Database Administrator And a Robot who must Battle a Database Administrator in Ancient India', 2006, 113, NULL),
(114, 'CAMELOT VACATION', 'A Touching Character Study of a Woman And a Waitress who must Battle a Pastry Chef in A MySQL Convention', 2006, 114, NULL),
(115, 'CAMPUS REMEMBER', 'A Astounding Drama of a Crocodile And a Mad Cow who must Build a Robot in A Jet Boat', 2006, 115, NULL),
(116, 'CANDIDATE PERDITION', 'A Brilliant Epistle of a Composer And a Database Administrator who must Vanquish a Mad Scientist in The First Manned Space Station', 2006, 116, NULL),
(117, 'CANDLES GRAPES', 'A Fanciful Character Study of a Monkey And a Explorer who must Build a Astronaut in An Abandoned Fun House', 2006, 117, NULL),
(118, 'CANYON STOCK', 'A Thoughtful Reflection of a Waitress And a Feminist who must Escape a Squirrel in A Manhattan Penthouse', 2006, 118, NULL),
(119, 'CAPER MOTIONS', 'A Fateful Saga of a Moose And a Car who must Pursue a Woman in A MySQL Convention', 2006, 119, NULL),
(120, 'CARIBBEAN LIBERTY', 'A Fanciful Tale of a Pioneer And a Technical Writer who must Outgun a Pioneer in A Shark Tank', 2006, 120, NULL),
(121, 'CAROL TEXAS', 'A Astounding Character Study of a Composer And a Student who must Overcome a Composer in A Monastery', 2006, 121, NULL),
(122, 'CARRIE BUNCH', 'A Amazing Epistle of a Student And a Astronaut who must Discover a Frisbee in The Canadian Rockies', 2006, 122, NULL),
(123, 'CASABLANCA SUPER', 'A Amazing Panorama of a Crocodile And a Forensic Psychologist who must Pursue a Secret Agent in The First Manned Space Station', 2006, 123, NULL),
(124, 'CASPER DRAGONFLY', 'A Intrepid Documentary of a Boat And a Crocodile who must Chase a Robot in The Sahara Desert', 2006, 124, NULL),
(125, 'CASSIDY WYOMING', 'A Intrepid Drama of a Frisbee And a Hunter who must Kill a Secret Agent in New Orleans', 2006, 125, NULL),
(126, 'CASUALTIES ENCINO', 'A Insightful Yarn of a A Shark And a Pastry Chef who must Face a Boy in A Monastery', 2006, 126, NULL),
(127, 'CAT CONEHEADS', 'A Fast-Paced Panorama of a Girl And a A Shark who must Confront a Boy in Ancient India', 2006, 127, NULL),
(128, 'CATCH AMISTAD', 'A Boring Reflection of a Lumberjack And a Feminist who must Discover a Woman in Nigeria', 2006, 128, NULL),
(129, 'CAUSE DATE', 'A Taut Tale of a Explorer And a Pastry Chef who must Conquer a Hunter in A MySQL Convention', 2006, 129, NULL),
(130, 'CELEBRITY HORN', 'A Amazing Documentary of a Secret Agent And a Astronaut who must Vanquish a Hunter in A Shark Tank', 2006, 130, NULL),
(131, 'CENTER DINOSAUR', 'A Beautiful Character Study of a Sumo Wrestler And a Dentist who must Find a Dog in California', 2006, 131, NULL),
(132, 'CHAINSAW UPTOWN', 'A Beautiful Documentary of a Boy And a Robot who must Discover a Squirrel in Australia', 2006, 132, NULL),
(133, 'CHAMBER ITALIAN', 'A Fateful Reflection of a Moose And a Husband who must Overcome a Monkey in Nigeria', 2006, 133, NULL),
(134, 'CHAMPION FLATLINERS', 'A Amazing Story of a Mad Cow And a Dog who must Kill a Husband in A Monastery', 2006, 134, NULL),
(135, 'CHANCE RESURRECTION', 'A Astounding Story of a Forensic Psychologist And a Forensic Psychologist who must Overcome a Moose in Ancient China', 2006, 135, NULL),
(136, 'CHAPLIN LICENSE', 'A Boring Drama of a Dog And a Forensic Psychologist who must Outrace a Explorer in Ancient India', 2006, 136, NULL),
(137, 'CHARADE DUFFEL', 'A Action-Packed Display of a Man And a Waitress who must Build a Dog in A MySQL Convention', 2006, 137, NULL),
(138, 'CHARIOTS CONSPIRACY', 'A Unbelieveable Epistle of a Robot And a Husband who must Chase a Robot in The First Manned Space Station', 2006, 138, NULL),
(139, 'CHASING FIGHT', 'A Astounding Saga of a Technical Writer And a Butler who must Battle a Butler in A Shark Tank', 2006, 139, NULL),
(140, 'CHEAPER CLYDE', 'A Emotional Character Study of a Pioneer And a Girl who must Discover a Dog in Ancient Japan', 2006, 140, NULL),
(141, 'CHICAGO NORTH', 'A Fateful Yarn of a Mad Cow And a Waitress who must Battle a Student in California', 2006, 141, NULL),
(142, 'CHICKEN HELLFIGHTERS', 'A Emotional Drama of a Dog And a Explorer who must Outrace a Technical Writer in Australia', 2006, 142, NULL),
(143, 'CHILL LUCK', 'A Lacklusture Epistle of a Boat And a Technical Writer who must Fight a A Shark in The Canadian Rockies', 2006, 143, NULL),
(144, 'CHINATOWN GLADIATOR', 'A Brilliant Panorama of a Technical Writer And a Lumberjack who must Escape a Butler in Ancient India', 2006, 144, NULL),
(145, 'CHISUM BEHAVIOR', 'A Epic Documentary of a Sumo Wrestler And a Butler who must Kill a Car in Ancient India', 2006, 145, NULL),
(146, 'CHITTY LOCK', 'A Boring Epistle of a Boat And a Database Administrator who must Kill a Sumo Wrestler in The First Manned Space Station', 2006, 146, NULL),
(147, 'CHOCOLAT HARRY', 'A Action-Packed Epistle of a Dentist And a Moose who must Meet a Mad Cow in Ancient Japan', 2006, 147, NULL),
(148, 'CHOCOLATE DUCK', 'A Unbelieveable Story of a Mad Scientist And a Technical Writer who must Discover a Composer in Ancient China', 2006, 148, NULL),
(149, 'CHRISTMAS MOONSHINE', 'A Action-Packed Epistle of a Feminist And a Astronaut who must Conquer a Boat in A Manhattan Penthouse', 2006, 149, NULL),
(150, 'CIDER DESIRE', 'A Stunning Character Study of a Composer And a Mad Cow who must Succumb a Cat in Soviet Georgia', 2006, 150, NULL),
(151, 'CINCINATTI WHISPERER', 'A Brilliant Saga of a Pastry Chef And a Hunter who must Confront a Butler in Berlin', 2006, 1, NULL),
(152, 'CIRCUS YOUTH', 'A Thoughtful Drama of a Pastry Chef And a Dentist who must Pursue a Girl in A Baloon', 2006, 2, NULL),
(153, 'CITIZEN SHREK', 'A Fanciful Character Study of a Technical Writer And a Husband who must Redeem a Robot in The Outback', 2006, 3, NULL),
(154, 'CLASH FREDDY', 'A Amazing Yarn of a Composer And a Squirrel who must Escape a Astronaut in Australia', 2006, 4, NULL),
(155, 'CLEOPATRA DEVIL', 'A Fanciful Documentary of a Crocodile And a Technical Writer who must Fight a A Shark in A Baloon', 2006, 5, NULL),
(156, 'CLERKS ANGELS', 'A Thrilling Display of a Sumo Wrestler And a Girl who must Confront a Man in A Baloon', 2006, 6, NULL),
(157, 'CLOCKWORK PARADISE', 'A Insightful Documentary of a Technical Writer And a Feminist who must Challenge a Cat in A Baloon', 2006, 7, NULL),
(158, 'CLONES PINOCCHIO', 'A Amazing Drama of a Car And a Robot who must Pursue a Dentist in New Orleans', 2006, 8, NULL),
(159, 'CLOSER BANG', 'A Unbelieveable Panorama of a Frisbee And a Hunter who must Vanquish a Monkey in Ancient India', 2006, 9, NULL),
(160, 'CLUB GRAFFITI', 'A Epic Tale of a Pioneer And a Hunter who must Escape a Girl in A U-Boat', 2006, 10, NULL),
(161, 'CLUE GRAIL', 'A Taut Tale of a Butler And a Mad Scientist who must Build a Crocodile in Ancient China', 2006, 11, NULL),
(162, 'CLUELESS BUCKET', 'A Taut Tale of a Car And a Pioneer who must Conquer a Sumo Wrestler in An Abandoned Fun House', 2006, 12, NULL),
(163, 'CLYDE THEORY', 'A Beautiful Yarn of a Astronaut And a Frisbee who must Overcome a Explorer in A Jet Boat', 2006, 13, NULL),
(164, 'COAST RAINBOW', 'A Astounding Documentary of a Mad Cow And a Pioneer who must Challenge a Butler in The Sahara Desert', 2006, 14, NULL),
(165, 'COLDBLOODED DARLING', 'A Brilliant Panorama of a Dentist And a Moose who must Find a Student in The Gulf of Mexico', 2006, 15, NULL),
(166, 'COLOR PHILADELPHIA', 'A Thoughtful Panorama of a Car And a Crocodile who must Sink a Monkey in The Sahara Desert', 2006, 16, NULL),
(167, 'COMA HEAD', 'A Awe-Inspiring Drama of a Boy And a Frisbee who must Escape a Pastry Chef in California', 2006, 17, NULL),
(168, 'COMANCHEROS ENEMY', 'A Boring Saga of a Lumberjack And a Monkey who must Find a Monkey in The Gulf of Mexico', 2006, 18, NULL),
(169, 'COMFORTS RUSH', 'A Unbelieveable Panorama of a Pioneer And a Husband who must Meet a Mad Cow in An Abandoned Mine Shaft', 2006, 19, NULL),
(170, 'COMMAND DARLING', 'A Awe-Inspiring Tale of a Forensic Psychologist And a Woman who must Challenge a Database Administrator in Ancient Japan', 2006, 20, NULL),
(171, 'COMMANDMENTS EXPRESS', 'A Fanciful Saga of a Student And a Mad Scientist who must Battle a Hunter in An Abandoned Mine Shaft', 2006, 21, NULL),
(172, 'CONEHEADS SMOOCHY', 'A Touching Story of a Womanizer And a Composer who must Pursue a Husband in Nigeria', 2006, 22, NULL),
(173, 'CONFESSIONS MAGUIRE', 'A Insightful Story of a Car And a Boy who must Battle a Technical Writer in A Baloon', 2006, 23, NULL),
(174, 'CONFIDENTIAL INTERVIEW', 'A Stunning Reflection of a Cat And a Woman who must Find a Astronaut in Ancient Japan', 2006, 24, NULL),
(175, 'CONFUSED CANDLES', 'A Stunning Epistle of a Cat And a Forensic Psychologist who must Confront a Pioneer in A Baloon', 2006, 25, NULL),
(176, 'CONGENIALITY QUEST', 'A Touching Documentary of a Cat And a Pastry Chef who must Find a Lumberjack in A Baloon', 2006, 26, NULL),
(177, 'CONNECTICUT TRAMP', 'A Unbelieveable Drama of a Crocodile And a Mad Cow who must Reach a Dentist in A Shark Tank', 2006, 27, NULL),
(178, 'CONNECTION MICROCOSMOS', 'A Fateful Documentary of a Crocodile And a Husband who must Face a Husband in The First Manned Space Station', 2006, 28, NULL),
(179, 'CONQUERER NUTS', 'A Taut Drama of a Mad Scientist And a Man who must Escape a Pioneer in An Abandoned Mine Shaft', 2006, 29, NULL),
(180, 'CONSPIRACY SPIRIT', 'A Awe-Inspiring Story of a Student And a Frisbee who must Conquer a Crocodile in An Abandoned Mine Shaft', 2006, 30, NULL),
(181, 'CONTACT ANONYMOUS', 'A Insightful Display of a A Shark And a Monkey who must Face a Database Administrator in Ancient India', 2006, 31, NULL),
(182, 'CONTROL ANTHEM', 'A Fateful Documentary of a Robot And a Student who must Battle a Cat in A Monastery', 2006, 32, NULL),
(183, 'CONVERSATION DOWNHILL', 'A Taut Character Study of a Husband And a Waitress who must Sink a Squirrel in A MySQL Convention', 2006, 33, NULL),
(184, 'CORE SUIT', 'A Unbelieveable Tale of a Car And a Explorer who must Confront a Boat in A Manhattan Penthouse', 2006, 34, NULL),
(185, 'COWBOY DOOM', 'A Astounding Drama of a Boy And a Lumberjack who must Fight a Butler in A Baloon', 2006, 35, NULL),
(186, 'CRAFT OUTFIELD', 'A Lacklusture Display of a Explorer And a Hunter who must Succumb a Database Administrator in A Baloon Factory', 2006, 36, NULL),
(187, 'CRANES RESERVOIR', 'A Fanciful Documentary of a Teacher And a Dog who must Outgun a Forensic Psychologist in A Baloon Factory', 2006, 37, NULL),
(188, 'CRAZY HOME', 'A Fanciful Panorama of a Boy And a Woman who must Vanquish a Database Administrator in The Outback', 2006, 38, NULL),
(189, 'CREATURES SHAKESPEARE', 'A Emotional Drama of a Womanizer And a Squirrel who must Vanquish a Crocodile in Ancient India', 2006, 39, NULL),
(190, 'CREEPERS KANE', 'A Awe-Inspiring Reflection of a Squirrel And a Boat who must Outrace a Car in A Jet Boat', 2006, 40, NULL),
(191, 'CROOKED FROGMEN', 'A Unbelieveable Drama of a Hunter And a Database Administrator who must Battle a Crocodile in An Abandoned Amusement Park', 2006, 41, NULL),
(192, 'CROSSING DIVORCE', 'A Beautiful Documentary of a Dog And a Robot who must Redeem a Womanizer in Berlin', 2006, 42, NULL),
(193, 'CROSSROADS CASUALTIES', 'A Intrepid Documentary of a Sumo Wrestler And a Astronaut who must Battle a Composer in The Outback', 2006, 43, NULL),
(194, 'CROW GREASE', 'A Awe-Inspiring Documentary of a Woman And a Husband who must Sink a Database Administrator in The First Manned Space Station', 2006, 44, NULL),
(195, 'CROWDS TELEMARK', 'A Intrepid Documentary of a Astronaut And a Forensic Psychologist who must Find a Frisbee in An Abandoned Fun House', 2006, 45, NULL),
(196, 'CRUELTY UNFORGIVEN', 'A Brilliant Tale of a Car And a Moose who must Battle a Dentist in Nigeria', 2006, 46, NULL),
(197, 'CRUSADE HONEY', 'A Fast-Paced Reflection of a Explorer And a Butler who must Battle a Madman in An Abandoned Amusement Park', 2006, 47, NULL),
(198, 'CRYSTAL BREAKING', 'A Fast-Paced Character Study of a Feminist And a Explorer who must Face a Pastry Chef in Ancient Japan', 2006, 48, NULL),
(199, 'CUPBOARD SINNERS', 'A Emotional Reflection of a Frisbee And a Boat who must Reach a Pastry Chef in An Abandoned Amusement Park', 2006, 49, NULL),
(200, 'CURTAIN VIDEOTAPE', 'A Boring Reflection of a Dentist And a Mad Cow who must Chase a Secret Agent in A Shark Tank', 2006, 50, NULL),
(201, 'CYCLONE FAMILY', 'A Lacklusture Drama of a Student And a Monkey who must Sink a Womanizer in A MySQL Convention', 2006, 51, NULL),
(202, 'DADDY PITTSBURGH', 'A Epic Story of a A Shark And a Student who must Confront a Explorer in The Gulf of Mexico', 2006, 52, NULL),
(203, 'DAISY MENAGERIE', 'A Fast-Paced Saga of a Pastry Chef And a Monkey who must Sink a Composer in Ancient India', 2006, 53, NULL),
(204, 'DALMATIONS SWEDEN', 'A Emotional Epistle of a Moose And a Hunter who must Overcome a Robot in A Manhattan Penthouse', 2006, 54, NULL),
(205, 'DANCES NONE', 'A Insightful Reflection of a A Shark And a Dog who must Kill a Butler in An Abandoned Amusement Park', 2006, 55, NULL),
(206, 'DANCING FEVER', 'A Stunning Story of a Explorer And a Forensic Psychologist who must Face a Crocodile in A Shark Tank', 2006, 56, NULL),
(207, 'DANGEROUS UPTOWN', 'A Unbelieveable Story of a Mad Scientist And a Woman who must Overcome a Dog in California', 2006, 57, NULL),
(208, 'DARES PLUTO', 'A Fateful Story of a Robot And a Dentist who must Defeat a Astronaut in New Orleans', 2006, 58, NULL),
(209, 'DARKNESS WAR', 'A Touching Documentary of a Husband And a Hunter who must Escape a Boy in The Sahara Desert', 2006, 59, NULL),
(210, 'DARKO DORADO', 'A Stunning Reflection of a Frisbee And a Husband who must Redeem a Dog in New Orleans', 2006, 60, NULL),
(211, 'DARLING BREAKING', 'A Brilliant Documentary of a Astronaut And a Squirrel who must Succumb a Student in The Gulf of Mexico', 2006, 61, NULL),
(212, 'DARN FORRESTER', 'A Fateful Story of a A Shark And a Explorer who must Succumb a Technical Writer in A Jet Boat', 2006, 62, NULL),
(213, 'DATE SPEED', 'A Touching Saga of a Composer And a Moose who must Discover a Dentist in A MySQL Convention', 2006, 63, NULL),
(214, 'DAUGHTER MADIGAN', 'A Beautiful Tale of a Hunter And a Mad Scientist who must Confront a Squirrel in The First Manned Space Station', 2006, 64, NULL),
(215, 'DAWN POND', 'A Thoughtful Documentary of a Dentist And a Forensic Psychologist who must Defeat a Waitress in Berlin', 2006, 65, NULL),
(216, 'DAY UNFAITHFUL', 'A Stunning Documentary of a Composer And a Mad Scientist who must Find a Technical Writer in A U-Boat', 2006, 66, NULL),
(217, 'DAZED PUNK', 'A Action-Packed Story of a Pioneer And a Technical Writer who must Discover a Forensic Psychologist in An Abandoned Amusement Park', 2006, 67, NULL),
(218, 'DECEIVER BETRAYED', 'A Taut Story of a Moose And a Squirrel who must Build a Husband in Ancient India', 2006, 68, NULL),
(219, 'DEEP CRUSADE', 'A Amazing Tale of a Crocodile And a Squirrel who must Discover a Composer in Australia', 2006, 69, NULL),
(220, 'DEER VIRGINIAN', 'A Thoughtful Story of a Mad Cow And a Womanizer who must Overcome a Mad Scientist in Soviet Georgia', 2006, 70, NULL),
(221, 'DELIVERANCE MULHOLLAND', 'A Astounding Saga of a Monkey And a Moose who must Conquer a Butler in A Shark Tank', 2006, 71, NULL),
(222, 'DESERT POSEIDON', 'A Brilliant Documentary of a Butler And a Frisbee who must Build a Astronaut in New Orleans', 2006, 72, NULL),
(223, 'DESIRE ALIEN', 'A Fast-Paced Tale of a Dog And a Forensic Psychologist who must Meet a Astronaut in The First Manned Space Station', 2006, 73, NULL),
(224, 'DESPERATE TRAINSPOTTING', 'A Epic Yarn of a Forensic Psychologist And a Teacher who must Face a Lumberjack in California', 2006, 74, NULL),
(225, 'DESTINATION JERK', 'A Beautiful Yarn of a Teacher And a Cat who must Build a Car in A U-Boat', 2006, 75, NULL),
(226, 'DESTINY SATURDAY', 'A Touching Drama of a Crocodile And a Crocodile who must Conquer a Explorer in Soviet Georgia', 2006, 76, NULL),
(227, 'DETAILS PACKER', 'A Epic Saga of a Waitress And a Composer who must Face a Boat in A U-Boat', 2006, 77, NULL),
(228, 'DETECTIVE VISION', 'A Fanciful Documentary of a Pioneer And a Woman who must Redeem a Hunter in Ancient Japan', 2006, 78, NULL),
(229, 'DEVIL DESIRE', 'A Beautiful Reflection of a Monkey And a Dentist who must Face a Database Administrator in Ancient Japan', 2006, 79, NULL),
(230, 'DIARY PANIC', 'A Thoughtful Character Study of a Frisbee And a Mad Cow who must Outgun a Man in Ancient India', 2006, 80, NULL),
(231, 'DINOSAUR SECRETARY', 'A Action-Packed Drama of a Feminist And a Girl who must Reach a Robot in The Canadian Rockies', 2006, 81, NULL),
(232, 'DIRTY ACE', 'A Action-Packed Character Study of a Forensic Psychologist And a Girl who must Build a Dentist in The Outback', 2006, 82, NULL),
(233, 'DISCIPLE MOTHER', 'A Touching Reflection of a Mad Scientist And a Boat who must Face a Moose in A Shark Tank', 2006, 83, NULL),
(234, 'DISTURBING SCARFACE', 'A Lacklusture Display of a Crocodile And a Butler who must Overcome a Monkey in A U-Boat', 2006, 84, NULL),
(235, 'DIVIDE MONSTER', 'A Intrepid Saga of a Man And a Forensic Psychologist who must Reach a Squirrel in A Monastery', 2006, 85, NULL),
(236, 'DIVINE RESURRECTION', 'A Boring Character Study of a Man And a Womanizer who must Succumb a Teacher in An Abandoned Amusement Park', 2006, 86, NULL),
(237, 'DIVORCE SHINING', 'A Unbelieveable Saga of a Crocodile And a Student who must Discover a Cat in Ancient India', 2006, 87, NULL),
(238, 'DOCTOR GRAIL', 'A Insightful Drama of a Womanizer And a Waitress who must Reach a Forensic Psychologist in The Outback', 2006, 88, NULL),
(239, 'DOGMA FAMILY', 'A Brilliant Character Study of a Database Administrator And a Monkey who must Succumb a Astronaut in New Orleans', 2006, 89, NULL),
(240, 'DOLLS RAGE', 'A Thrilling Display of a Pioneer And a Frisbee who must Escape a Teacher in The Outback', 2006, 90, NULL),
(241, 'DONNIE ALLEY', 'A Awe-Inspiring Tale of a Butler And a Frisbee who must Vanquish a Teacher in Ancient Japan', 2006, 91, NULL),
(242, 'DOOM DANCING', 'A Astounding Panorama of a Car And a Mad Scientist who must Battle a Lumberjack in A MySQL Convention', 2006, 92, NULL),
(243, 'DOORS PRESIDENT', 'A Awe-Inspiring Display of a Squirrel And a Woman who must Overcome a Boy in The Gulf of Mexico', 2006, 93, NULL),
(244, 'DORADO NOTTING', 'A Action-Packed Tale of a Sumo Wrestler And a A Shark who must Meet a Frisbee in California', 2006, 94, NULL),
(245, 'DOUBLE WRATH', 'A Thoughtful Yarn of a Womanizer And a Dog who must Challenge a Madman in The Gulf of Mexico', 2006, 95, NULL),
(246, 'DOUBTFIRE LABYRINTH', 'A Intrepid Panorama of a Butler And a Composer who must Meet a Mad Cow in The Sahara Desert', 2006, 96, NULL),
(247, 'DOWNHILL ENOUGH', 'A Emotional Tale of a Pastry Chef And a Forensic Psychologist who must Succumb a Monkey in The Sahara Desert', 2006, 97, NULL),
(248, 'DOZEN LION', 'A Taut Drama of a Cat And a Girl who must Defeat a Frisbee in The Canadian Rockies', 2006, 98, NULL),
(249, 'DRACULA CRYSTAL', 'A Thrilling Reflection of a Feminist And a Cat who must Find a Frisbee in An Abandoned Fun House', 2006, 99, NULL),
(250, 'DRAGON SQUAD', 'A Taut Reflection of a Boy And a Waitress who must Outgun a Teacher in Ancient China', 2006, 100, NULL),
(251, 'DRAGONFLY STRANGERS', 'A Boring Documentary of a Pioneer And a Man who must Vanquish a Man in Nigeria', 2006, 101, NULL),
(252, 'DREAM PICKUP', 'A Epic Display of a Car And a Composer who must Overcome a Forensic Psychologist in The Gulf of Mexico', 2006, 102, NULL),
(253, 'DRIFTER COMMANDMENTS', 'A Epic Reflection of a Womanizer And a Squirrel who must Discover a Husband in A Jet Boat', 2006, 103, NULL),
(254, 'DRIVER ANNIE', 'A Lacklusture Character Study of a Butler And a Car who must Redeem a Boat in An Abandoned Fun House', 2006, 104, NULL),
(255, 'DRIVING POLISH', 'A Action-Packed Yarn of a Feminist And a Technical Writer who must Sink a Boat in An Abandoned Mine Shaft', 2006, 105, NULL),
(256, 'DROP WATERFRONT', 'A Fanciful Documentary of a Husband And a Explorer who must Reach a Madman in Ancient China', 2006, 106, NULL),
(257, 'DRUMLINE CYCLONE', 'A Insightful Panorama of a Monkey And a Sumo Wrestler who must Outrace a Mad Scientist in The Canadian Rockies', 2006, 107, NULL),
(258, 'DRUMS DYNAMITE', 'A Epic Display of a Crocodile And a Crocodile who must Confront a Dog in An Abandoned Amusement Park', 2006, 108, NULL),
(259, 'DUCK RACER', 'A Lacklusture Yarn of a Teacher And a Squirrel who must Overcome a Dog in A Shark Tank', 2006, 109, NULL),
(260, 'DUDE BLINDNESS', 'A Stunning Reflection of a Husband And a Lumberjack who must Face a Frisbee in An Abandoned Fun House', 2006, 110, NULL),
(261, 'DUFFEL APOCALYPSE', 'A Emotional Display of a Boat And a Explorer who must Challenge a Madman in A MySQL Convention', 2006, 111, NULL),
(262, 'DUMBO LUST', 'A Touching Display of a Feminist And a Dentist who must Conquer a Husband in The Gulf of Mexico', 2006, 112, NULL),
(263, 'DURHAM PANKY', 'A Brilliant Panorama of a Girl And a Boy who must Face a Mad Scientist in An Abandoned Mine Shaft', 2006, 113, NULL),
(264, 'DWARFS ALTER', 'A Emotional Yarn of a Girl And a Dog who must Challenge a Composer in Ancient Japan', 2006, 114, NULL),
(265, 'DYING MAKER', 'A Intrepid Tale of a Boat And a Monkey who must Kill a Cat in California', 2006, 115, NULL),
(266, 'DYNAMITE TARZAN', 'A Intrepid Documentary of a Forensic Psychologist And a Mad Scientist who must Face a Explorer in A U-Boat', 2006, 116, NULL),
(267, 'EAGLES PANKY', 'A Thoughtful Story of a Car And a Boy who must Find a A Shark in The Sahara Desert', 2006, 117, NULL),
(268, 'EARLY HOME', 'A Amazing Panorama of a Mad Scientist And a Husband who must Meet a Woman in The Outback', 2006, 118, NULL),
(269, 'EARRING INSTINCT', 'A Stunning Character Study of a Dentist And a Mad Cow who must Find a Teacher in Nigeria', 2006, 119, NULL),
(270, 'EARTH VISION', 'A Stunning Drama of a Butler And a Madman who must Outrace a Womanizer in Ancient India', 2006, 120, NULL),
(271, 'EASY GLADIATOR', 'A Fateful Story of a Monkey And a Girl who must Overcome a Pastry Chef in Ancient India', 2006, 121, NULL),
(272, 'EDGE KISSING', 'A Beautiful Yarn of a Composer And a Mad Cow who must Redeem a Mad Scientist in A Jet Boat', 2006, 122, NULL),
(273, 'EFFECT GLADIATOR', 'A Beautiful Display of a Pastry Chef And a Pastry Chef who must Outgun a Forensic Psychologist in A Manhattan Penthouse', 2006, 123, NULL),
(274, 'EGG IGBY', 'A Beautiful Documentary of a Boat And a Sumo Wrestler who must Succumb a Database Administrator in The First Manned Space Station', 2006, 124, NULL),
(275, 'EGYPT TENENBAUMS', 'A Intrepid Story of a Madman And a Secret Agent who must Outrace a Astronaut in An Abandoned Amusement Park', 2006, 125, NULL),
(276, 'ELEMENT FREDDY', 'A Awe-Inspiring Reflection of a Waitress And a Squirrel who must Kill a Mad Cow in A Jet Boat', 2006, 126, NULL),
(277, 'ELEPHANT TROJAN', 'A Beautiful Panorama of a Lumberjack And a Forensic Psychologist who must Overcome a Frisbee in A Baloon', 2006, 127, NULL),
(278, 'ELF MURDER', 'A Action-Packed Story of a Frisbee And a Woman who must Reach a Girl in An Abandoned Mine Shaft', 2006, 128, NULL),
(279, 'ELIZABETH SHANE', 'A Lacklusture Display of a Womanizer And a Dog who must Face a Sumo Wrestler in Ancient Japan', 2006, 129, NULL),
(280, 'EMPIRE MALKOVICH', 'A Amazing Story of a Feminist And a Cat who must Face a Car in An Abandoned Fun House', 2006, 130, NULL),
(281, 'ENCINO ELF', 'A Astounding Drama of a Feminist And a Teacher who must Confront a Husband in A Baloon', 2006, 131, NULL),
(282, 'ENCOUNTERS CURTAIN', 'A Insightful Epistle of a Pastry Chef And a Womanizer who must Build a Boat in New Orleans', 2006, 132, NULL),
(283, 'ENDING CROWDS', 'A Unbelieveable Display of a Dentist And a Madman who must Vanquish a Squirrel in Berlin', 2006, 133, NULL),
(284, 'ENEMY ODDS', 'A Fanciful Panorama of a Mad Scientist And a Woman who must Pursue a Astronaut in Ancient India', 2006, 134, NULL),
(285, 'ENGLISH BULWORTH', 'A Intrepid Epistle of a Pastry Chef And a Pastry Chef who must Pursue a Crocodile in Ancient China', 2006, 135, NULL),
(286, 'ENOUGH RAGING', 'A Astounding Character Study of a Boat And a Secret Agent who must Find a Mad Cow in The Sahara Desert', 2006, 136, NULL),
(287, 'ENTRAPMENT SATISFACTION', 'A Thoughtful Panorama of a Hunter And a Teacher who must Reach a Mad Cow in A U-Boat', 2006, 137, NULL),
(288, 'ESCAPE METROPOLIS', 'A Taut Yarn of a Astronaut And a Technical Writer who must Outgun a Boat in New Orleans', 2006, 138, NULL),
(289, 'EVE RESURRECTION', 'A Awe-Inspiring Yarn of a Pastry Chef And a Database Administrator who must Challenge a Teacher in A Baloon', 2006, 139, NULL),
(290, 'EVERYONE CRAFT', 'A Fateful Display of a Waitress And a Dentist who must Reach a Butler in Nigeria', 2006, 140, NULL),
(291, 'EVOLUTION ALTER', 'A Fanciful Character Study of a Feminist And a Madman who must Find a Explorer in A Baloon Factory', 2006, 141, NULL),
(292, 'EXCITEMENT EVE', 'A Brilliant Documentary of a Monkey And a Car who must Conquer a Crocodile in A Shark Tank', 2006, 142, NULL),
(293, 'EXORCIST STING', 'A Touching Drama of a Dog And a Sumo Wrestler who must Conquer a Mad Scientist in Berlin', 2006, 143, NULL),
(294, 'EXPECATIONS NATURAL', 'A Amazing Drama of a Butler And a Husband who must Reach a A Shark in A U-Boat', 2006, 144, NULL),
(295, 'EXPENDABLE STALLION', 'A Amazing Character Study of a Mad Cow And a Squirrel who must Discover a Hunter in A U-Boat', 2006, 145, NULL),
(296, 'EXPRESS LONELY', 'A Boring Drama of a Astronaut And a Boat who must Face a Boat in California', 2006, 146, NULL),
(297, 'EXTRAORDINARY CONQUERER', 'A Stunning Story of a Dog And a Feminist who must Face a Forensic Psychologist in Berlin', 2006, 147, NULL),
(298, 'EYES DRIVING', 'A Thrilling Story of a Cat And a Waitress who must Fight a Explorer in The Outback', 2006, 148, NULL),
(299, 'FACTORY DRAGON', 'A Action-Packed Saga of a Teacher And a Frisbee who must Escape a Lumberjack in The Sahara Desert', 2006, 149, NULL),
(300, 'FALCON VOLUME', 'A Fateful Saga of a Sumo Wrestler And a Hunter who must Redeem a A Shark in New Orleans', 2006, 150, NULL),
(301, 'FAMILY SWEET', 'A Epic Documentary of a Teacher And a Boy who must Escape a Woman in Berlin', 2006, 1, NULL),
(302, 'FANTASIA PARK', 'A Thoughtful Documentary of a Mad Scientist And a A Shark who must Outrace a Feminist in Australia', 2006, 2, NULL),
(303, 'FANTASY TROOPERS', 'A Touching Saga of a Teacher And a Monkey who must Overcome a Secret Agent in A MySQL Convention', 2006, 3, NULL),
(304, 'FARGO GANDHI', 'A Thrilling Reflection of a Pastry Chef And a Crocodile who must Reach a Teacher in The Outback', 2006, 4, NULL),
(305, 'FATAL HAUNTED', 'A Beautiful Drama of a Student And a Secret Agent who must Confront a Dentist in Ancient Japan', 2006, 5, NULL),
(306, 'FEATHERS METAL', 'A Thoughtful Yarn of a Monkey And a Teacher who must Find a Dog in Australia', 2006, 6, NULL),
(307, 'FELLOWSHIP AUTUMN', 'A Lacklusture Reflection of a Dentist And a Hunter who must Meet a Teacher in A Baloon', 2006, 7, NULL),
(308, 'FERRIS MOTHER', 'A Touching Display of a Frisbee And a Frisbee who must Kill a Girl in The Gulf of Mexico', 2006, 8, NULL),
(309, 'FEUD FROGMEN', 'A Brilliant Reflection of a Database Administrator And a Mad Cow who must Chase a Woman in The Canadian Rockies', 2006, 9, NULL),
(310, 'FEVER EMPIRE', 'A Insightful Panorama of a Cat And a Boat who must Defeat a Boat in The Gulf of Mexico', 2006, 10, NULL),
(311, 'FICTION CHRISTMAS', 'A Emotional Yarn of a A Shark And a Student who must Battle a Robot in An Abandoned Mine Shaft', 2006, 11, NULL),
(312, 'FIDDLER LOST', 'A Boring Tale of a Squirrel And a Dog who must Challenge a Madman in The Gulf of Mexico', 2006, 12, NULL),
(313, 'FIDELITY DEVIL', 'A Awe-Inspiring Drama of a Technical Writer And a Composer who must Reach a Pastry Chef in A U-Boat', 2006, 13, NULL),
(314, 'FIGHT JAWBREAKER', 'A Intrepid Panorama of a Womanizer And a Girl who must Escape a Girl in A Manhattan Penthouse', 2006, 14, NULL),
(315, 'FINDING ANACONDA', 'A Fateful Tale of a Database Administrator And a Girl who must Battle a Squirrel in New Orleans', 2006, 15, NULL),
(316, 'FIRE WOLVES', 'A Intrepid Documentary of a Frisbee And a Dog who must Outrace a Lumberjack in Nigeria', 2006, 16, NULL),
(317, 'FIREBALL PHILADELPHIA', 'A Amazing Yarn of a Dentist And a A Shark who must Vanquish a Madman in An Abandoned Mine Shaft', 2006, 17, NULL),
(318, 'FIREHOUSE VIETNAM', 'A Awe-Inspiring Character Study of a Boat And a Boy who must Kill a Pastry Chef in The Sahara Desert', 2006, 18, NULL),
(319, 'FISH OPUS', 'A Touching Display of a Feminist And a Girl who must Confront a Astronaut in Australia', 2006, 19, NULL),
(320, 'FLAMINGOS CONNECTICUT', 'A Fast-Paced Reflection of a Composer And a Composer who must Meet a Cat in The Sahara Desert', 2006, 20, NULL),
(321, 'FLASH WARS', 'A Astounding Saga of a Moose And a Pastry Chef who must Chase a Student in The Gulf of Mexico', 2006, 21, NULL),
(322, 'FLATLINERS KILLER', 'A Taut Display of a Secret Agent And a Waitress who must Sink a Robot in An Abandoned Mine Shaft', 2006, 22, NULL),
(323, 'FLIGHT LIES', 'A Stunning Character Study of a Crocodile And a Pioneer who must Pursue a Teacher in New Orleans', 2006, 23, NULL),
(324, 'FLINTSTONES HAPPINESS', 'A Fateful Story of a Husband And a Moose who must Vanquish a Boy in California', 2006, 24, NULL),
(325, 'FLOATS GARDEN', 'A Action-Packed Epistle of a Robot And a Car who must Chase a Boat in Ancient Japan', 2006, 25, NULL),
(326, 'FLYING HOOK', 'A Thrilling Display of a Mad Cow And a Dog who must Challenge a Frisbee in Nigeria', 2006, 26, NULL),
(327, 'FOOL MOCKINGBIRD', 'A Lacklusture Tale of a Crocodile And a Composer who must Defeat a Madman in A U-Boat', 2006, 27, NULL),
(328, 'FOREVER CANDIDATE', 'A Unbelieveable Panorama of a Technical Writer And a Man who must Pursue a Frisbee in A U-Boat', 2006, 28, NULL),
(329, 'FORREST SONS', 'A Thrilling Documentary of a Forensic Psychologist And a Butler who must Defeat a Explorer in A Jet Boat', 2006, 29, NULL),
(330, 'FORRESTER COMANCHEROS', 'A Fateful Tale of a Squirrel And a Forensic Psychologist who must Redeem a Man in Nigeria', 2006, 30, NULL),
(331, 'FORWARD TEMPLE', 'A Astounding Display of a Forensic Psychologist And a Mad Scientist who must Challenge a Girl in New Orleans', 2006, 31, NULL),
(332, 'FRANKENSTEIN STRANGER', 'A Insightful Character Study of a Feminist And a Pioneer who must Pursue a Pastry Chef in Nigeria', 2006, 32, NULL),
(333, 'FREAKY POCUS', 'A Fast-Paced Documentary of a Pastry Chef And a Crocodile who must Chase a Squirrel in The Gulf of Mexico', 2006, 33, NULL),
(334, 'FREDDY STORM', 'A Intrepid Saga of a Man And a Lumberjack who must Vanquish a Husband in The Outback', 2006, 34, NULL),
(335, 'FREEDOM CLEOPATRA', 'A Emotional Reflection of a Dentist And a Mad Cow who must Face a Squirrel in A Baloon', 2006, 35, NULL),
(336, 'FRENCH HOLIDAY', 'A Thrilling Epistle of a Dog And a Feminist who must Kill a Madman in Berlin', 2006, 36, NULL),
(337, 'FRIDA SLIPPER', 'A Fateful Story of a Lumberjack And a Car who must Escape a Boat in An Abandoned Mine Shaft', 2006, 37, NULL),
(338, 'FRISCO FORREST', 'A Beautiful Documentary of a Woman And a Pioneer who must Pursue a Mad Scientist in A Shark Tank', 2006, 38, NULL),
(339, 'FROGMEN BREAKING', 'A Unbelieveable Yarn of a Mad Scientist And a Cat who must Chase a Lumberjack in Australia', 2006, 39, NULL),
(340, 'FRONTIER CABIN', 'A Emotional Story of a Madman And a Waitress who must Battle a Teacher in An Abandoned Fun House', 2006, 40, NULL),
(341, 'FROST HEAD', 'A Amazing Reflection of a Lumberjack And a Cat who must Discover a Husband in A MySQL Convention', 2006, 41, NULL),
(342, 'FUGITIVE MAGUIRE', 'A Taut Epistle of a Feminist And a Sumo Wrestler who must Battle a Crocodile in Australia', 2006, 42, NULL),
(343, 'FULL FLATLINERS', 'A Beautiful Documentary of a Astronaut And a Moose who must Pursue a Monkey in A Shark Tank', 2006, 43, NULL),
(344, 'FURY MURDER', 'A Lacklusture Reflection of a Boat And a Forensic Psychologist who must Fight a Waitress in A Monastery', 2006, 44, NULL),
(345, 'GABLES METROPOLIS', 'A Fateful Display of a Cat And a Pioneer who must Challenge a Pastry Chef in A Baloon Factory', 2006, 45, NULL),
(346, 'GALAXY SWEETHEARTS', 'A Emotional Reflection of a Womanizer And a Pioneer who must Face a Squirrel in Berlin', 2006, 46, NULL),
(347, 'GAMES BOWFINGER', 'A Astounding Documentary of a Butler And a Explorer who must Challenge a Butler in A Monastery', 2006, 47, NULL),
(348, 'GANDHI KWAI', 'A Thoughtful Display of a Mad Scientist And a Secret Agent who must Chase a Boat in Berlin', 2006, 48, NULL),
(349, 'GANGS PRIDE', 'A Taut Character Study of a Woman And a A Shark who must Confront a Frisbee in Berlin', 2006, 49, NULL),
(350, 'GARDEN ISLAND', 'A Unbelieveable Character Study of a Womanizer And a Madman who must Reach a Man in The Outback', 2006, 50, NULL),
(351, 'GASLIGHT CRUSADE', 'A Amazing Epistle of a Boy And a Astronaut who must Redeem a Man in The Gulf of Mexico', 2006, 51, NULL),
(352, 'GATHERING CALENDAR', 'A Intrepid Tale of a Pioneer And a Moose who must Conquer a Frisbee in A MySQL Convention', 2006, 52, NULL),
(353, 'GENTLEMEN STAGE', 'A Awe-Inspiring Reflection of a Monkey And a Student who must Overcome a Dentist in The First Manned Space Station', 2006, 53, NULL),
(354, 'GHOST GROUNDHOG', 'A Brilliant Panorama of a Madman And a Composer who must Succumb a Car in Ancient India', 2006, 54, NULL),
(355, 'GHOSTBUSTERS ELF', 'A Thoughtful Epistle of a Dog And a Feminist who must Chase a Composer in Berlin', 2006, 55, NULL),
(356, 'GIANT TROOPERS', 'A Fateful Display of a Feminist And a Monkey who must Vanquish a Monkey in The Canadian Rockies', 2006, 56, NULL),
(357, 'GILBERT PELICAN', 'A Fateful Tale of a Man And a Feminist who must Conquer a Crocodile in A Manhattan Penthouse', 2006, 57, NULL),
(358, 'GILMORE BOILED', 'A Unbelieveable Documentary of a Boat And a Husband who must Succumb a Student in A U-Boat', 2006, 58, NULL),
(359, 'GLADIATOR WESTWARD', 'A Astounding Reflection of a Squirrel And a Sumo Wrestler who must Sink a Dentist in Ancient Japan', 2006, 59, NULL),
(360, 'GLASS DYING', 'A Astounding Drama of a Frisbee And a Astronaut who must Fight a Dog in Ancient Japan', 2006, 60, NULL),
(361, 'GLEAMING JAWBREAKER', 'A Amazing Display of a Composer And a Forensic Psychologist who must Discover a Car in The Canadian Rockies', 2006, 61, NULL);
INSERT INTO `film` (`film_id`, `film_title`, `description`, `year_released`, `trailer_id`, `poster`) VALUES
(362, 'GLORY TRACY', 'A Amazing Saga of a Woman And a Womanizer who must Discover a Cat in The First Manned Space Station', 2006, 62, NULL),
(363, 'GO PURPLE', 'A Fast-Paced Display of a Car And a Database Administrator who must Battle a Woman in A Baloon', 2006, 63, NULL),
(364, 'GODFATHER DIARY', 'A Stunning Saga of a Lumberjack And a Squirrel who must Chase a Car in The Outback', 2006, 64, NULL),
(365, 'GOLD RIVER', 'A Taut Documentary of a Database Administrator And a Waitress who must Reach a Mad Scientist in A Baloon Factory', 2006, 65, NULL),
(366, 'GOLDFINGER SENSIBILITY', 'A Insightful Drama of a Mad Scientist And a Hunter who must Defeat a Pastry Chef in New Orleans', 2006, 66, NULL),
(367, 'GOLDMINE TYCOON', 'A Brilliant Epistle of a Composer And a Frisbee who must Conquer a Husband in The Outback', 2006, 67, NULL),
(368, 'GONE TROUBLE', 'A Insightful Character Study of a Mad Cow And a Forensic Psychologist who must Conquer a A Shark in A Manhattan Penthouse', 2006, 68, NULL),
(369, 'GOODFELLAS SALUTE', 'A Unbelieveable Tale of a Dog And a Explorer who must Sink a Mad Cow in A Baloon Factory', 2006, 69, NULL),
(370, 'GORGEOUS BINGO', 'A Action-Packed Display of a Sumo Wrestler And a Car who must Overcome a Waitress in A Baloon Factory', 2006, 70, NULL),
(371, 'GOSFORD DONNIE', 'A Epic Panorama of a Mad Scientist And a Monkey who must Redeem a Secret Agent in Berlin', 2006, 71, NULL),
(372, 'GRACELAND DYNAMITE', 'A Taut Display of a Cat And a Girl who must Overcome a Database Administrator in New Orleans', 2006, 72, NULL),
(373, 'GRADUATE LORD', 'A Lacklusture Epistle of a Girl And a A Shark who must Meet a Mad Scientist in Ancient China', 2006, 73, NULL),
(374, 'GRAFFITI LOVE', 'A Unbelieveable Epistle of a Sumo Wrestler And a Hunter who must Build a Composer in Berlin', 2006, 74, NULL),
(375, 'GRAIL FRANKENSTEIN', 'A Unbelieveable Saga of a Teacher And a Monkey who must Fight a Girl in An Abandoned Mine Shaft', 2006, 75, NULL),
(376, 'GRAPES FURY', 'A Boring Yarn of a Mad Cow And a Sumo Wrestler who must Meet a Robot in Australia', 2006, 76, NULL),
(377, 'GREASE YOUTH', 'A Emotional Panorama of a Secret Agent And a Waitress who must Escape a Composer in Soviet Georgia', 2006, 77, NULL),
(378, 'GREATEST NORTH', 'A Astounding Character Study of a Secret Agent And a Robot who must Build a A Shark in Berlin', 2006, 78, NULL),
(379, 'GREEDY ROOTS', 'A Amazing Reflection of a A Shark And a Butler who must Chase a Hunter in The Canadian Rockies', 2006, 79, NULL),
(380, 'GREEK EVERYONE', 'A Stunning Display of a Butler And a Teacher who must Confront a A Shark in The First Manned Space Station', 2006, 80, NULL),
(381, 'GRINCH MASSAGE', 'A Intrepid Display of a Madman And a Feminist who must Pursue a Pioneer in The First Manned Space Station', 2006, 81, NULL),
(382, 'GRIT CLOCKWORK', 'A Thoughtful Display of a Dentist And a Squirrel who must Confront a Lumberjack in A Shark Tank', 2006, 82, NULL),
(383, 'GROOVE FICTION', 'A Unbelieveable Reflection of a Moose And a A Shark who must Defeat a Lumberjack in An Abandoned Mine Shaft', 2006, 83, NULL),
(384, 'GROSSE WONDERFUL', 'A Epic Drama of a Cat And a Explorer who must Redeem a Moose in Australia', 2006, 84, NULL),
(385, 'GROUNDHOG UNCUT', 'A Brilliant Panorama of a Astronaut And a Technical Writer who must Discover a Butler in A Manhattan Penthouse', 2006, 85, NULL),
(386, 'GUMP DATE', 'A Intrepid Yarn of a Explorer And a Student who must Kill a Husband in An Abandoned Mine Shaft', 2006, 86, NULL),
(387, 'GUN BONNIE', 'A Boring Display of a Sumo Wrestler And a Husband who must Build a Waitress in The Gulf of Mexico', 2006, 87, NULL),
(388, 'GUNFIGHT MOON', 'A Epic Reflection of a Pastry Chef And a Explorer who must Reach a Dentist in The Sahara Desert', 2006, 88, NULL),
(389, 'GUNFIGHTER MUSSOLINI', 'A Touching Saga of a Robot And a Boy who must Kill a Man in Ancient Japan', 2006, 89, NULL),
(390, 'GUYS FALCON', 'A Boring Story of a Woman And a Feminist who must Redeem a Squirrel in A U-Boat', 2006, 90, NULL),
(391, 'HALF OUTFIELD', 'A Epic Epistle of a Database Administrator And a Crocodile who must Face a Madman in A Jet Boat', 2006, 91, NULL),
(392, 'HALL CASSIDY', 'A Beautiful Panorama of a Pastry Chef And a A Shark who must Battle a Pioneer in Soviet Georgia', 2006, 92, NULL),
(393, 'HALLOWEEN NUTS', 'A Amazing Panorama of a Forensic Psychologist And a Technical Writer who must Fight a Dentist in A U-Boat', 2006, 93, NULL),
(394, 'HAMLET WISDOM', 'A Touching Reflection of a Man And a Man who must Sink a Robot in The Outback', 2006, 94, NULL),
(395, 'HANDICAP BOONDOCK', 'A Beautiful Display of a Pioneer And a Squirrel who must Vanquish a Sumo Wrestler in Soviet Georgia', 2006, 95, NULL),
(396, 'HANGING DEEP', 'A Action-Packed Yarn of a Boat And a Crocodile who must Build a Monkey in Berlin', 2006, 96, NULL),
(397, 'HANKY OCTOBER', 'A Boring Epistle of a Database Administrator And a Explorer who must Pursue a Madman in Soviet Georgia', 2006, 97, NULL),
(398, 'HANOVER GALAXY', 'A Stunning Reflection of a Girl And a Secret Agent who must Succumb a Boy in A MySQL Convention', 2006, 98, NULL),
(399, 'HAPPINESS UNITED', 'A Action-Packed Panorama of a Husband And a Feminist who must Meet a Forensic Psychologist in Ancient Japan', 2006, 99, NULL),
(400, 'HARDLY ROBBERS', 'A Emotional Character Study of a Hunter And a Car who must Kill a Woman in Berlin', 2006, 100, NULL),
(401, 'HAROLD FRENCH', 'A Stunning Saga of a Sumo Wrestler And a Student who must Outrace a Moose in The Sahara Desert', 2006, 101, NULL),
(402, 'HARPER DYING', 'A Awe-Inspiring Reflection of a Woman And a Cat who must Confront a Feminist in The Sahara Desert', 2006, 102, NULL),
(403, 'HARRY IDAHO', 'A Taut Yarn of a Technical Writer And a Feminist who must Outrace a Dog in California', 2006, 103, NULL),
(404, 'HATE HANDICAP', 'A Intrepid Reflection of a Mad Scientist And a Pioneer who must Overcome a Hunter in The First Manned Space Station', 2006, 104, NULL),
(405, 'HAUNTED ANTITRUST', 'A Amazing Saga of a Man And a Dentist who must Reach a Technical Writer in Ancient India', 2006, 105, NULL),
(406, 'HAUNTING PIANIST', 'A Fast-Paced Story of a Database Administrator And a Composer who must Defeat a Squirrel in An Abandoned Amusement Park', 2006, 106, NULL),
(407, 'HAWK CHILL', 'A Action-Packed Drama of a Mad Scientist And a Composer who must Outgun a Car in Australia', 2006, 107, NULL),
(408, 'HEAD STRANGER', 'A Thoughtful Saga of a Hunter And a Crocodile who must Confront a Dog in The Gulf of Mexico', 2006, 108, NULL),
(409, 'HEARTBREAKERS BRIGHT', 'A Awe-Inspiring Documentary of a A Shark And a Dentist who must Outrace a Pastry Chef in The Canadian Rockies', 2006, 109, NULL),
(410, 'HEAVEN FREEDOM', 'A Intrepid Story of a Butler And a Car who must Vanquish a Man in New Orleans', 2006, 110, NULL),
(411, 'HEAVENLY GUN', 'A Beautiful Yarn of a Forensic Psychologist And a Frisbee who must Battle a Moose in A Jet Boat', 2006, 111, NULL),
(412, 'HEAVYWEIGHTS BEAST', 'A Unbelieveable Story of a Composer And a Dog who must Overcome a Womanizer in An Abandoned Amusement Park', 2006, 112, NULL),
(413, 'HEDWIG ALTER', 'A Action-Packed Yarn of a Womanizer And a Lumberjack who must Chase a Sumo Wrestler in A Monastery', 2006, 113, NULL),
(414, 'HELLFIGHTERS SIERRA', 'A Taut Reflection of a A Shark And a Dentist who must Battle a Boat in Soviet Georgia', 2006, 114, NULL),
(415, 'HIGH ENCINO', 'A Fateful Saga of a Waitress And a Hunter who must Outrace a Sumo Wrestler in Australia', 2006, 115, NULL),
(416, 'HIGHBALL POTTER', 'A Action-Packed Saga of a Husband And a Dog who must Redeem a Database Administrator in The Sahara Desert', 2006, 116, NULL),
(417, 'HILLS NEIGHBORS', 'A Epic Display of a Hunter And a Feminist who must Sink a Car in A U-Boat', 2006, 117, NULL),
(418, 'HOBBIT ALIEN', 'A Emotional Drama of a Husband And a Girl who must Outgun a Composer in The First Manned Space Station', 2006, 118, NULL),
(419, 'HOCUS FRIDA', 'A Awe-Inspiring Tale of a Girl And a Madman who must Outgun a Student in A Shark Tank', 2006, 119, NULL),
(420, 'HOLES BRANNIGAN', 'A Fast-Paced Reflection of a Technical Writer And a Student who must Fight a Boy in The Canadian Rockies', 2006, 120, NULL),
(421, 'HOLIDAY GAMES', 'A Insightful Reflection of a Waitress And a Madman who must Pursue a Boy in Ancient Japan', 2006, 121, NULL),
(422, 'HOLLOW JEOPARDY', 'A Beautiful Character Study of a Robot And a Astronaut who must Overcome a Boat in A Monastery', 2006, 122, NULL),
(423, 'HOLLYWOOD ANONYMOUS', 'A Fast-Paced Epistle of a Boy And a Explorer who must Escape a Dog in A U-Boat', 2006, 123, NULL),
(424, 'HOLOCAUST HIGHBALL', 'A Awe-Inspiring Yarn of a Composer And a Man who must Find a Robot in Soviet Georgia', 2006, 124, NULL),
(425, 'HOLY TADPOLE', 'A Action-Packed Display of a Feminist And a Pioneer who must Pursue a Dog in A Baloon Factory', 2006, 125, NULL),
(426, 'HOME PITY', 'A Touching Panorama of a Man And a Secret Agent who must Challenge a Teacher in A MySQL Convention', 2006, 126, NULL),
(427, 'HOMEWARD CIDER', 'A Taut Reflection of a Astronaut And a Squirrel who must Fight a Squirrel in A Manhattan Penthouse', 2006, 127, NULL),
(428, 'HOMICIDE PEACH', 'A Astounding Documentary of a Hunter And a Boy who must Confront a Boy in A MySQL Convention', 2006, 128, NULL),
(429, 'HONEY TIES', 'A Taut Story of a Waitress And a Crocodile who must Outrace a Lumberjack in A Shark Tank', 2006, 129, NULL),
(430, 'HOOK CHARIOTS', 'A Insightful Story of a Boy And a Dog who must Redeem a Boy in Australia', 2006, 130, NULL),
(431, 'HOOSIERS BIRDCAGE', 'A Astounding Display of a Explorer And a Boat who must Vanquish a Car in The First Manned Space Station', 2006, 131, NULL),
(432, 'HOPE TOOTSIE', 'A Amazing Documentary of a Student And a Sumo Wrestler who must Outgun a A Shark in A Shark Tank', 2006, 132, NULL),
(433, 'HORN WORKING', 'A Stunning Display of a Mad Scientist And a Technical Writer who must Succumb a Monkey in A Shark Tank', 2006, 133, NULL),
(434, 'HORROR REIGN', 'A Touching Documentary of a A Shark And a Car who must Build a Husband in Nigeria', 2006, 134, NULL),
(435, 'HOTEL HAPPINESS', 'A Thrilling Yarn of a Pastry Chef And a A Shark who must Challenge a Mad Scientist in The Outback', 2006, 135, NULL),
(436, 'HOURS RAGE', 'A Fateful Story of a Explorer And a Feminist who must Meet a Technical Writer in Soviet Georgia', 2006, 136, NULL),
(437, 'HOUSE DYNAMITE', 'A Taut Story of a Pioneer And a Squirrel who must Battle a Student in Soviet Georgia', 2006, 137, NULL),
(438, 'HUMAN GRAFFITI', 'A Beautiful Reflection of a Womanizer And a Sumo Wrestler who must Chase a Database Administrator in The Gulf of Mexico', 2006, 138, NULL),
(439, 'HUNCHBACK IMPOSSIBLE', 'A Touching Yarn of a Frisbee And a Dentist who must Fight a Composer in Ancient Japan', 2006, 139, NULL),
(440, 'HUNGER ROOF', 'A Unbelieveable Yarn of a Student And a Database Administrator who must Outgun a Husband in An Abandoned Mine Shaft', 2006, 140, NULL),
(441, 'HUNTER ALTER', 'A Emotional Drama of a Mad Cow And a Boat who must Redeem a Secret Agent in A Shark Tank', 2006, 141, NULL),
(442, 'HUNTING MUSKETEERS', 'A Thrilling Reflection of a Pioneer And a Dentist who must Outrace a Womanizer in An Abandoned Mine Shaft', 2006, 142, NULL),
(443, 'HURRICANE AFFAIR', 'A Lacklusture Epistle of a Database Administrator And a Woman who must Meet a Hunter in An Abandoned Mine Shaft', 2006, 143, NULL),
(444, 'HUSTLER PARTY', 'A Emotional Reflection of a Sumo Wrestler And a Monkey who must Conquer a Robot in The Sahara Desert', 2006, 144, NULL),
(445, 'HYDE DOCTOR', 'A Fanciful Documentary of a Boy And a Woman who must Redeem a Womanizer in A Jet Boat', 2006, 145, NULL),
(446, 'HYSTERICAL GRAIL', 'A Amazing Saga of a Madman And a Dentist who must Build a Car in A Manhattan Penthouse', 2006, 146, NULL),
(447, 'ICE CROSSING', 'A Fast-Paced Tale of a Butler And a Moose who must Overcome a Pioneer in A Manhattan Penthouse', 2006, 147, NULL),
(448, 'IDAHO LOVE', 'A Fast-Paced Drama of a Student And a Crocodile who must Meet a Database Administrator in The Outback', 2006, 148, NULL),
(449, 'IDENTITY LOVER', 'A Boring Tale of a Composer And a Mad Cow who must Defeat a Car in The Outback', 2006, 149, NULL),
(450, 'IDOLS SNATCHERS', 'A Insightful Drama of a Car And a Composer who must Fight a Man in A Monastery', 2006, 150, NULL),
(451, 'IGBY MAKER', 'A Epic Documentary of a Hunter And a Dog who must Outgun a Dog in A Baloon Factory', 2006, 1, NULL),
(452, 'ILLUSION AMELIE', 'A Emotional Epistle of a Boat And a Mad Scientist who must Outrace a Robot in An Abandoned Mine Shaft', 2006, 2, NULL),
(453, 'IMAGE PRINCESS', 'A Lacklusture Panorama of a Secret Agent And a Crocodile who must Discover a Madman in The Canadian Rockies', 2006, 3, NULL),
(454, 'IMPACT ALADDIN', 'A Epic Character Study of a Frisbee And a Moose who must Outgun a Technical Writer in A Shark Tank', 2006, 4, NULL),
(455, 'IMPOSSIBLE PREJUDICE', 'A Awe-Inspiring Yarn of a Monkey And a Hunter who must Chase a Teacher in Ancient China', 2006, 5, NULL),
(456, 'INCH JET', 'A Fateful Saga of a Womanizer And a Student who must Defeat a Butler in A Monastery', 2006, 6, NULL),
(457, 'INDEPENDENCE HOTEL', 'A Thrilling Tale of a Technical Writer And a Boy who must Face a Pioneer in A Monastery', 2006, 7, NULL),
(458, 'INDIAN LOVE', 'A Insightful Saga of a Mad Scientist And a Mad Scientist who must Kill a Astronaut in An Abandoned Fun House', 2006, 8, NULL),
(459, 'INFORMER DOUBLE', 'A Action-Packed Display of a Woman And a Dentist who must Redeem a Forensic Psychologist in The Canadian Rockies', 2006, 9, NULL),
(460, 'INNOCENT USUAL', 'A Beautiful Drama of a Pioneer And a Crocodile who must Challenge a Student in The Outback', 2006, 10, NULL),
(461, 'INSECTS STONE', 'A Epic Display of a Butler And a Dog who must Vanquish a Crocodile in A Manhattan Penthouse', 2006, 11, NULL),
(462, 'INSIDER ARIZONA', 'A Astounding Saga of a Mad Scientist And a Hunter who must Pursue a Robot in A Baloon Factory', 2006, 12, NULL),
(463, 'INSTINCT AIRPORT', 'A Touching Documentary of a Mad Cow And a Explorer who must Confront a Butler in A Manhattan Penthouse', 2006, 13, NULL),
(464, 'INTENTIONS EMPIRE', 'A Astounding Epistle of a Cat And a Cat who must Conquer a Mad Cow in A U-Boat', 2006, 14, NULL),
(465, 'INTERVIEW LIAISONS', 'A Action-Packed Reflection of a Student And a Butler who must Discover a Database Administrator in A Manhattan Penthouse', 2006, 15, NULL),
(466, 'INTOLERABLE INTENTIONS', 'A Awe-Inspiring Story of a Monkey And a Pastry Chef who must Succumb a Womanizer in A MySQL Convention', 2006, 16, NULL),
(467, 'INTRIGUE WORST', 'A Fanciful Character Study of a Explorer And a Mad Scientist who must Vanquish a Squirrel in A Jet Boat', 2006, 17, NULL),
(468, 'INVASION CYCLONE', 'A Lacklusture Character Study of a Mad Scientist And a Womanizer who must Outrace a Explorer in A Monastery', 2006, 18, NULL),
(469, 'IRON MOON', 'A Fast-Paced Documentary of a Mad Cow And a Boy who must Pursue a Dentist in A Baloon', 2006, 19, NULL),
(470, 'ISHTAR ROCKETEER', 'A Astounding Saga of a Dog And a Squirrel who must Conquer a Dog in An Abandoned Fun House', 2006, 20, NULL),
(471, 'ISLAND EXORCIST', 'A Fanciful Panorama of a Technical Writer And a Boy who must Find a Dentist in An Abandoned Fun House', 2006, 21, NULL),
(472, 'ITALIAN AFRICAN', 'A Astounding Character Study of a Monkey And a Moose who must Outgun a Cat in A U-Boat', 2006, 22, NULL),
(473, 'JACKET FRISCO', 'A Insightful Reflection of a Womanizer And a Husband who must Conquer a Pastry Chef in A Baloon', 2006, 23, NULL),
(474, 'JADE BUNCH', 'A Insightful Panorama of a Squirrel And a Mad Cow who must Confront a Student in The First Manned Space Station', 2006, 24, NULL),
(475, 'JAPANESE RUN', 'A Awe-Inspiring Epistle of a Feminist And a Girl who must Sink a Girl in The Outback', 2006, 25, NULL),
(476, 'JASON TRAP', 'A Thoughtful Tale of a Woman And a A Shark who must Conquer a Dog in A Monastery', 2006, 26, NULL),
(477, 'JAWBREAKER BROOKLYN', 'A Stunning Reflection of a Boat And a Pastry Chef who must Succumb a A Shark in A Jet Boat', 2006, 27, NULL),
(478, 'JAWS HARRY', 'A Thrilling Display of a Database Administrator And a Monkey who must Overcome a Dog in An Abandoned Fun House', 2006, 28, NULL),
(479, 'JEDI BENEATH', 'A Astounding Reflection of a Explorer And a Dentist who must Pursue a Student in Nigeria', 2006, 29, NULL),
(480, 'JEEPERS WEDDING', 'A Astounding Display of a Composer And a Dog who must Kill a Pastry Chef in Soviet Georgia', 2006, 30, NULL),
(481, 'JEKYLL FROGMEN', 'A Fanciful Epistle of a Student And a Astronaut who must Kill a Waitress in A Shark Tank', 2006, 31, NULL),
(482, 'JEOPARDY ENCINO', 'A Boring Panorama of a Man And a Mad Cow who must Face a Explorer in Ancient India', 2006, 32, NULL),
(483, 'JERICHO MULAN', 'A Amazing Yarn of a Hunter And a Butler who must Defeat a Boy in A Jet Boat', 2006, 33, NULL),
(484, 'JERK PAYCHECK', 'A Touching Character Study of a Pastry Chef And a Database Administrator who must Reach a A Shark in Ancient Japan', 2006, 34, NULL),
(485, 'JERSEY SASSY', 'A Lacklusture Documentary of a Madman And a Mad Cow who must Find a Feminist in Ancient Japan', 2006, 35, NULL),
(486, 'JET NEIGHBORS', 'A Amazing Display of a Lumberjack And a Teacher who must Outrace a Woman in A U-Boat', 2006, 36, NULL),
(487, 'JINGLE SAGEBRUSH', 'A Epic Character Study of a Feminist And a Student who must Meet a Woman in A Baloon', 2006, 37, NULL),
(488, 'JOON NORTHWEST', 'A Thrilling Panorama of a Technical Writer And a Car who must Discover a Forensic Psychologist in A Shark Tank', 2006, 38, NULL),
(489, 'JUGGLER HARDLY', 'A Epic Story of a Mad Cow And a Astronaut who must Challenge a Car in California', 2006, 39, NULL),
(490, 'JUMANJI BLADE', 'A Intrepid Yarn of a Husband And a Womanizer who must Pursue a Mad Scientist in New Orleans', 2006, 40, NULL),
(491, 'JUMPING WRATH', 'A Touching Epistle of a Monkey And a Feminist who must Discover a Boat in Berlin', 2006, 41, NULL),
(492, 'JUNGLE CLOSER', 'A Boring Character Study of a Boy And a Woman who must Battle a Astronaut in Australia', 2006, 42, NULL),
(493, 'KANE EXORCIST', 'A Epic Documentary of a Composer And a Robot who must Overcome a Car in Berlin', 2006, 43, NULL),
(494, 'KARATE MOON', 'A Astounding Yarn of a Womanizer And a Dog who must Reach a Waitress in A MySQL Convention', 2006, 44, NULL),
(495, 'KENTUCKIAN GIANT', 'A Stunning Yarn of a Woman And a Frisbee who must Escape a Waitress in A U-Boat', 2006, 45, NULL),
(496, 'KICK SAVANNAH', 'A Emotional Drama of a Monkey And a Robot who must Defeat a Monkey in New Orleans', 2006, 46, NULL),
(497, 'KILL BROTHERHOOD', 'A Touching Display of a Hunter And a Secret Agent who must Redeem a Husband in The Outback', 2006, 47, NULL),
(498, 'KILLER INNOCENT', 'A Fanciful Character Study of a Student And a Explorer who must Succumb a Composer in An Abandoned Mine Shaft', 2006, 48, NULL),
(499, 'KING EVOLUTION', 'A Action-Packed Tale of a Boy And a Lumberjack who must Chase a Madman in A Baloon', 2006, 49, NULL),
(500, 'KISS GLORY', 'A Lacklusture Reflection of a Girl And a Husband who must Find a Robot in The Canadian Rockies', 2006, 50, NULL),
(501, 'KISSING DOLLS', 'A Insightful Reflection of a Pioneer And a Teacher who must Build a Composer in The First Manned Space Station', 2006, 51, NULL),
(502, 'KNOCK WARLOCK', 'A Unbelieveable Story of a Teacher And a Boat who must Confront a Moose in A Baloon', 2006, 52, NULL),
(503, 'KRAMER CHOCOLATE', 'A Amazing Yarn of a Robot And a Pastry Chef who must Redeem a Mad Scientist in The Outback', 2006, 53, NULL),
(504, 'KWAI HOMEWARD', 'A Amazing Drama of a Car And a Squirrel who must Pursue a Car in Soviet Georgia', 2006, 54, NULL),
(505, 'LABYRINTH LEAGUE', 'A Awe-Inspiring Saga of a Composer And a Frisbee who must Succumb a Pioneer in The Sahara Desert', 2006, 55, NULL),
(506, 'LADY STAGE', 'A Beautiful Character Study of a Woman And a Man who must Pursue a Explorer in A U-Boat', 2006, 56, NULL),
(507, 'LADYBUGS ARMAGEDDON', 'A Fateful Reflection of a Dog And a Mad Scientist who must Meet a Mad Scientist in New Orleans', 2006, 57, NULL),
(508, 'LAMBS CINCINATTI', 'A Insightful Story of a Man And a Feminist who must Fight a Composer in Australia', 2006, 58, NULL),
(509, 'LANGUAGE COWBOY', 'A Epic Yarn of a Cat And a Madman who must Vanquish a Dentist in An Abandoned Amusement Park', 2006, 59, NULL),
(510, 'LAWLESS VISION', 'A Insightful Yarn of a Boy And a Sumo Wrestler who must Outgun a Car in The Outback', 2006, 60, NULL),
(511, 'LAWRENCE LOVE', 'A Fanciful Yarn of a Database Administrator And a Mad Cow who must Pursue a Womanizer in Berlin', 2006, 61, NULL),
(512, 'LEAGUE HELLFIGHTERS', 'A Thoughtful Saga of a A Shark And a Monkey who must Outgun a Student in Ancient China', 2006, 62, NULL),
(513, 'LEATHERNECKS DWARFS', 'A Fateful Reflection of a Dog And a Mad Cow who must Outrace a Teacher in An Abandoned Mine Shaft', 2006, 63, NULL),
(514, 'LEBOWSKI SOLDIERS', 'A Beautiful Epistle of a Secret Agent And a Pioneer who must Chase a Astronaut in Ancient China', 2006, 64, NULL),
(515, 'LEGALLY SECRETARY', 'A Astounding Tale of a A Shark And a Moose who must Meet a Womanizer in The Sahara Desert', 2006, 65, NULL),
(516, 'LEGEND JEDI', 'A Awe-Inspiring Epistle of a Pioneer And a Student who must Outgun a Crocodile in The Outback', 2006, 66, NULL),
(517, 'LESSON CLEOPATRA', 'A Emotional Display of a Man And a Explorer who must Build a Boy in A Manhattan Penthouse', 2006, 67, NULL),
(518, 'LIAISONS SWEET', 'A Boring Drama of a A Shark And a Explorer who must Redeem a Waitress in The Canadian Rockies', 2006, 68, NULL),
(519, 'LIBERTY MAGNIFICENT', 'A Boring Drama of a Student And a Cat who must Sink a Technical Writer in A Baloon', 2006, 69, NULL),
(520, 'LICENSE WEEKEND', 'A Insightful Story of a Man And a Husband who must Overcome a Madman in A Monastery', 2006, 70, NULL),
(521, 'LIES TREATMENT', 'A Fast-Paced Character Study of a Dentist And a Moose who must Defeat a Composer in The First Manned Space Station', 2006, 71, NULL),
(522, 'LIFE TWISTED', 'A Thrilling Reflection of a Teacher And a Composer who must Find a Man in The First Manned Space Station', 2006, 72, NULL),
(523, 'LIGHTS DEER', 'A Unbelieveable Epistle of a Dog And a Woman who must Confront a Moose in The Gulf of Mexico', 2006, 73, NULL),
(524, 'LION UNCUT', 'A Intrepid Display of a Pastry Chef And a Cat who must Kill a A Shark in Ancient China', 2006, 74, NULL),
(525, 'LOATHING LEGALLY', 'A Boring Epistle of a Pioneer And a Mad Scientist who must Escape a Frisbee in The Gulf of Mexico', 2006, 75, NULL),
(526, 'LOCK REAR', 'A Thoughtful Character Study of a Squirrel And a Technical Writer who must Outrace a Student in Ancient Japan', 2006, 76, NULL),
(527, 'LOLA AGENT', 'A Astounding Tale of a Mad Scientist And a Husband who must Redeem a Database Administrator in Ancient Japan', 2006, 77, NULL),
(528, 'LOLITA WORLD', 'A Thrilling Drama of a Girl And a Robot who must Redeem a Waitress in An Abandoned Mine Shaft', 2006, 78, NULL),
(529, 'LONELY ELEPHANT', 'A Intrepid Story of a Student And a Dog who must Challenge a Explorer in Soviet Georgia', 2006, 79, NULL),
(530, 'LORD ARIZONA', 'A Action-Packed Display of a Frisbee And a Pastry Chef who must Pursue a Crocodile in A Jet Boat', 2006, 80, NULL),
(531, 'LOSE INCH', 'A Stunning Reflection of a Student And a Technical Writer who must Battle a Butler in The First Manned Space Station', 2006, 81, NULL),
(532, 'LOSER HUSTLER', 'A Stunning Drama of a Robot And a Feminist who must Outgun a Butler in Nigeria', 2006, 82, NULL),
(533, 'LOST BIRD', 'A Emotional Character Study of a Robot And a A Shark who must Defeat a Technical Writer in A Manhattan Penthouse', 2006, 83, NULL),
(534, 'LOUISIANA HARRY', 'A Lacklusture Drama of a Girl And a Technical Writer who must Redeem a Monkey in A Shark Tank', 2006, 84, NULL),
(535, 'LOVE SUICIDES', 'A Brilliant Panorama of a Hunter And a Explorer who must Pursue a Dentist in An Abandoned Fun House', 2006, 85, NULL),
(536, 'LOVELY JINGLE', 'A Fanciful Yarn of a Crocodile And a Forensic Psychologist who must Discover a Crocodile in The Outback', 2006, 86, NULL),
(537, 'LOVER TRUMAN', 'A Emotional Yarn of a Robot And a Boy who must Outgun a Technical Writer in A U-Boat', 2006, 87, NULL),
(538, 'LOVERBOY ATTACKS', 'A Boring Story of a Car And a Butler who must Build a Girl in Soviet Georgia', 2006, 88, NULL),
(539, 'LUCK OPUS', 'A Boring Display of a Moose And a Squirrel who must Outrace a Teacher in A Shark Tank', 2006, 89, NULL),
(540, 'LUCKY FLYING', 'A Lacklusture Character Study of a A Shark And a Man who must Find a Forensic Psychologist in A U-Boat', 2006, 90, NULL),
(541, 'LUKE MUMMY', 'A Taut Character Study of a Boy And a Robot who must Redeem a Mad Scientist in Ancient India', 2006, 91, NULL),
(542, 'LUST LOCK', 'A Fanciful Panorama of a Hunter And a Dentist who must Meet a Secret Agent in The Sahara Desert', 2006, 92, NULL),
(543, 'MADIGAN DORADO', 'A Astounding Character Study of a A Shark And a A Shark who must Discover a Crocodile in The Outback', 2006, 93, NULL),
(544, 'MADISON TRAP', 'A Awe-Inspiring Reflection of a Monkey And a Dentist who must Overcome a Pioneer in A U-Boat', 2006, 94, NULL),
(545, 'MADNESS ATTACKS', 'A Fanciful Tale of a Squirrel And a Boat who must Defeat a Crocodile in The Gulf of Mexico', 2006, 95, NULL),
(546, 'MADRE GABLES', 'A Intrepid Panorama of a Sumo Wrestler And a Forensic Psychologist who must Discover a Moose in The First Manned Space Station', 2006, 96, NULL),
(547, 'MAGIC MALLRATS', 'A Touching Documentary of a Pastry Chef And a Pastry Chef who must Build a Mad Scientist in California', 2006, 97, NULL),
(548, 'MAGNIFICENT CHITTY', 'A Insightful Story of a Teacher And a Hunter who must Face a Mad Cow in California', 2006, 98, NULL),
(549, 'MAGNOLIA FORRESTER', 'A Thoughtful Documentary of a Composer And a Explorer who must Conquer a Dentist in New Orleans', 2006, 99, NULL),
(550, 'MAGUIRE APACHE', 'A Fast-Paced Reflection of a Waitress And a Hunter who must Defeat a Forensic Psychologist in A Baloon', 2006, 100, NULL),
(551, 'MAIDEN HOME', 'A Lacklusture Saga of a Moose And a Teacher who must Kill a Forensic Psychologist in A MySQL Convention', 2006, 101, NULL),
(552, 'MAJESTIC FLOATS', 'A Thrilling Character Study of a Moose And a Student who must Escape a Butler in The First Manned Space Station', 2006, 102, NULL),
(553, 'MAKER GABLES', 'A Stunning Display of a Moose And a Database Administrator who must Pursue a Composer in A Jet Boat', 2006, 103, NULL),
(554, 'MALKOVICH PET', 'A Intrepid Reflection of a Waitress And a A Shark who must Kill a Squirrel in The Outback', 2006, 104, NULL),
(555, 'MALLRATS UNITED', 'A Thrilling Yarn of a Waitress And a Dentist who must Find a Hunter in A Monastery', 2006, 105, NULL),
(556, 'MALTESE HOPE', 'A Fast-Paced Documentary of a Crocodile And a Sumo Wrestler who must Conquer a Explorer in California', 2006, 106, NULL),
(557, 'MANCHURIAN CURTAIN', 'A Stunning Tale of a Mad Cow And a Boy who must Battle a Boy in Berlin', 2006, 107, NULL),
(558, 'MANNEQUIN WORST', 'A Astounding Saga of a Mad Cow And a Pastry Chef who must Discover a Husband in Ancient India', 2006, 108, NULL),
(559, 'MARRIED GO', 'A Fanciful Story of a Womanizer And a Dog who must Face a Forensic Psychologist in The Sahara Desert', 2006, 109, NULL),
(560, 'MARS ROMAN', 'A Boring Drama of a Car And a Dog who must Succumb a Madman in Soviet Georgia', 2006, 110, NULL),
(561, 'MASK PEACH', 'A Boring Character Study of a Student And a Robot who must Meet a Woman in California', 2006, 111, NULL),
(562, 'MASKED BUBBLE', 'A Fanciful Documentary of a Pioneer And a Boat who must Pursue a Pioneer in An Abandoned Mine Shaft', 2006, 112, NULL),
(563, 'MASSACRE USUAL', 'A Fateful Reflection of a Waitress And a Crocodile who must Challenge a Forensic Psychologist in California', 2006, 113, NULL),
(564, 'MASSAGE IMAGE', 'A Fateful Drama of a Frisbee And a Crocodile who must Vanquish a Dog in The First Manned Space Station', 2006, 114, NULL),
(565, 'MATRIX SNOWMAN', 'A Action-Packed Saga of a Womanizer And a Woman who must Overcome a Student in California', 2006, 115, NULL),
(566, 'MAUDE MOD', 'A Beautiful Documentary of a Forensic Psychologist And a Cat who must Reach a Astronaut in Nigeria', 2006, 116, NULL),
(567, 'MEET CHOCOLATE', 'A Boring Documentary of a Dentist And a Butler who must Confront a Monkey in A MySQL Convention', 2006, 117, NULL),
(568, 'MEMENTO ZOOLANDER', 'A Touching Epistle of a Squirrel And a Explorer who must Redeem a Pastry Chef in The Sahara Desert', 2006, 118, NULL),
(569, 'MENAGERIE RUSHMORE', 'A Unbelieveable Panorama of a Composer And a Butler who must Overcome a Database Administrator in The First Manned Space Station', 2006, 119, NULL),
(570, 'MERMAID INSECTS', 'A Lacklusture Drama of a Waitress And a Husband who must Fight a Husband in California', 2006, 120, NULL),
(571, 'METAL ARMAGEDDON', 'A Thrilling Display of a Lumberjack And a Crocodile who must Meet a Monkey in A Baloon Factory', 2006, 121, NULL),
(572, 'METROPOLIS COMA', 'A Emotional Saga of a Database Administrator And a Pastry Chef who must Confront a Teacher in A Baloon Factory', 2006, 122, NULL),
(573, 'MICROCOSMOS PARADISE', 'A Touching Character Study of a Boat And a Student who must Sink a A Shark in Nigeria', 2006, 123, NULL),
(574, 'MIDNIGHT WESTWARD', 'A Taut Reflection of a Husband And a A Shark who must Redeem a Pastry Chef in A Monastery', 2006, 124, NULL),
(575, 'MIDSUMMER GROUNDHOG', 'A Fateful Panorama of a Moose And a Dog who must Chase a Crocodile in Ancient Japan', 2006, 125, NULL),
(576, 'MIGHTY LUCK', 'A Astounding Epistle of a Mad Scientist And a Pioneer who must Escape a Database Administrator in A MySQL Convention', 2006, 126, NULL),
(577, 'MILE MULAN', 'A Lacklusture Epistle of a Cat And a Husband who must Confront a Boy in A MySQL Convention', 2006, 127, NULL),
(578, 'MILLION ACE', 'A Brilliant Documentary of a Womanizer And a Squirrel who must Find a Technical Writer in The Sahara Desert', 2006, 128, NULL),
(579, 'MINDS TRUMAN', 'A Taut Yarn of a Mad Scientist And a Crocodile who must Outgun a Database Administrator in A Monastery', 2006, 129, NULL),
(580, 'MINE TITANS', 'A Amazing Yarn of a Robot And a Womanizer who must Discover a Forensic Psychologist in Berlin', 2006, 130, NULL),
(581, 'MINORITY KISS', 'A Insightful Display of a Lumberjack And a Sumo Wrestler who must Meet a Man in The Outback', 2006, 131, NULL),
(582, 'MIRACLE VIRTUAL', 'A Touching Epistle of a Butler And a Boy who must Find a Mad Scientist in The Sahara Desert', 2006, 132, NULL),
(583, 'MISSION ZOOLANDER', 'A Intrepid Story of a Sumo Wrestler And a Teacher who must Meet a A Shark in An Abandoned Fun House', 2006, 133, NULL),
(584, 'MIXED DOORS', 'A Taut Drama of a Womanizer And a Lumberjack who must Succumb a Pioneer in Ancient India', 2006, 134, NULL),
(585, 'MOB DUFFEL', 'A Unbelieveable Documentary of a Frisbee And a Boat who must Meet a Boy in The Canadian Rockies', 2006, 135, NULL),
(586, 'MOCKINGBIRD HOLLYWOOD', 'A Thoughtful Panorama of a Man And a Car who must Sink a Composer in Berlin', 2006, 136, NULL),
(587, 'MOD SECRETARY', 'A Boring Documentary of a Mad Cow And a Cat who must Build a Lumberjack in New Orleans', 2006, 137, NULL),
(588, 'MODEL FISH', 'A Beautiful Panorama of a Boat And a Crocodile who must Outrace a Dog in Australia', 2006, 138, NULL),
(589, 'MODERN DORADO', 'A Awe-Inspiring Story of a Butler And a Sumo Wrestler who must Redeem a Boy in New Orleans', 2006, 139, NULL),
(590, 'MONEY HAROLD', 'A Touching Tale of a Explorer And a Boat who must Defeat a Robot in Australia', 2006, 140, NULL),
(591, 'MONSOON CAUSE', 'A Astounding Tale of a Crocodile And a Car who must Outrace a Squirrel in A U-Boat', 2006, 141, NULL),
(592, 'MONSTER SPARTACUS', 'A Fast-Paced Story of a Waitress And a Cat who must Fight a Girl in Australia', 2006, 142, NULL),
(593, 'MONTEREY LABYRINTH', 'A Awe-Inspiring Drama of a Monkey And a Composer who must Escape a Feminist in A U-Boat', 2006, 143, NULL),
(594, 'MONTEZUMA COMMAND', 'A Thrilling Reflection of a Waitress And a Butler who must Battle a Butler in A Jet Boat', 2006, 144, NULL),
(595, 'MOON BUNCH', 'A Beautiful Tale of a Astronaut And a Mad Cow who must Challenge a Cat in A Baloon Factory', 2006, 145, NULL),
(596, 'MOONSHINE CABIN', 'A Thoughtful Display of a Astronaut And a Feminist who must Chase a Frisbee in A Jet Boat', 2006, 146, NULL),
(597, 'MOONWALKER FOOL', 'A Epic Drama of a Feminist And a Pioneer who must Sink a Composer in New Orleans', 2006, 147, NULL),
(598, 'MOSQUITO ARMAGEDDON', 'A Thoughtful Character Study of a Waitress And a Feminist who must Build a Teacher in Ancient Japan', 2006, 148, NULL),
(599, 'MOTHER OLEANDER', 'A Boring Tale of a Husband And a Boy who must Fight a Squirrel in Ancient China', 2006, 149, NULL),
(600, 'MOTIONS DETAILS', 'A Awe-Inspiring Reflection of a Dog And a Student who must Kill a Car in An Abandoned Fun House', 2006, 150, NULL),
(601, 'MOULIN WAKE', 'A Astounding Story of a Forensic Psychologist And a Cat who must Battle a Teacher in An Abandoned Mine Shaft', 2006, 1, NULL),
(602, 'MOURNING PURPLE', 'A Lacklusture Display of a Waitress And a Lumberjack who must Chase a Pioneer in New Orleans', 2006, 2, NULL),
(603, 'MOVIE SHAKESPEARE', 'A Insightful Display of a Database Administrator And a Student who must Build a Hunter in Berlin', 2006, 3, NULL),
(604, 'MULAN MOON', 'A Emotional Saga of a Womanizer And a Pioneer who must Overcome a Dentist in A Baloon', 2006, 4, NULL),
(605, 'MULHOLLAND BEAST', 'A Awe-Inspiring Display of a Husband And a Squirrel who must Battle a Sumo Wrestler in A Jet Boat', 2006, 5, NULL),
(606, 'MUMMY CREATURES', 'A Fateful Character Study of a Crocodile And a Monkey who must Meet a Dentist in Australia', 2006, 6, NULL),
(607, 'MUPPET MILE', 'A Lacklusture Story of a Madman And a Teacher who must Kill a Frisbee in The Gulf of Mexico', 2006, 7, NULL),
(608, 'MURDER ANTITRUST', 'A Brilliant Yarn of a Car And a Database Administrator who must Escape a Boy in A MySQL Convention', 2006, 8, NULL),
(609, 'MUSCLE BRIGHT', 'A Stunning Panorama of a Sumo Wrestler And a Husband who must Redeem a Madman in Ancient India', 2006, 9, NULL),
(610, 'MUSIC BOONDOCK', 'A Thrilling Tale of a Butler And a Astronaut who must Battle a Explorer in The First Manned Space Station', 2006, 10, NULL),
(611, 'MUSKETEERS WAIT', 'A Touching Yarn of a Student And a Moose who must Fight a Mad Cow in Australia', 2006, 11, NULL),
(612, 'MUSSOLINI SPOILERS', 'A Thrilling Display of a Boat And a Monkey who must Meet a Composer in Ancient China', 2006, 12, NULL),
(613, 'MYSTIC TRUMAN', 'A Epic Yarn of a Teacher And a Hunter who must Outgun a Explorer in Soviet Georgia', 2006, 13, NULL),
(614, 'NAME DETECTIVE', 'A Touching Saga of a Sumo Wrestler And a Cat who must Pursue a Mad Scientist in Nigeria', 2006, 14, NULL),
(615, 'NASH CHOCOLAT', 'A Epic Reflection of a Monkey And a Mad Cow who must Kill a Forensic Psychologist in An Abandoned Mine Shaft', 2006, 15, NULL),
(616, 'NATIONAL STORY', 'A Taut Epistle of a Mad Scientist And a Girl who must Escape a Monkey in California', 2006, 16, NULL),
(617, 'NATURAL STOCK', 'A Fast-Paced Story of a Sumo Wrestler And a Girl who must Defeat a Car in A Baloon Factory', 2006, 17, NULL),
(618, 'NECKLACE OUTBREAK', 'A Astounding Epistle of a Database Administrator And a Mad Scientist who must Pursue a Cat in California', 2006, 18, NULL),
(619, 'NEIGHBORS CHARADE', 'A Fanciful Reflection of a Crocodile And a Astronaut who must Outrace a Feminist in An Abandoned Amusement Park', 2006, 19, NULL),
(620, 'NEMO CAMPUS', 'A Lacklusture Reflection of a Monkey And a Squirrel who must Outrace a Womanizer in A Manhattan Penthouse', 2006, 20, NULL),
(621, 'NETWORK PEAK', 'A Unbelieveable Reflection of a Butler And a Boat who must Outgun a Mad Scientist in California', 2006, 21, NULL),
(622, 'NEWSIES STORY', 'A Action-Packed Character Study of a Dog And a Lumberjack who must Outrace a Moose in The Gulf of Mexico', 2006, 22, NULL),
(623, 'NEWTON LABYRINTH', 'A Intrepid Character Study of a Moose And a Waitress who must Find a A Shark in Ancient India', 2006, 23, NULL),
(624, 'NIGHTMARE CHILL', 'A Brilliant Display of a Robot And a Butler who must Fight a Waitress in An Abandoned Mine Shaft', 2006, 24, NULL),
(625, 'NONE SPIKING', 'A Boring Reflection of a Secret Agent And a Astronaut who must Face a Composer in A Manhattan Penthouse', 2006, 25, NULL),
(626, 'NOON PAPI', 'A Unbelieveable Character Study of a Mad Scientist And a Astronaut who must Find a Pioneer in A Manhattan Penthouse', 2006, 26, NULL),
(627, 'NORTH TEQUILA', 'A Beautiful Character Study of a Mad Cow And a Robot who must Reach a Womanizer in New Orleans', 2006, 27, NULL),
(628, 'NORTHWEST POLISH', 'A Boring Character Study of a Boy And a A Shark who must Outrace a Womanizer in The Outback', 2006, 28, NULL),
(629, 'NOTORIOUS REUNION', 'A Amazing Epistle of a Woman And a Squirrel who must Fight a Hunter in A Baloon', 2006, 29, NULL),
(630, 'NOTTING SPEAKEASY', 'A Thoughtful Display of a Butler And a Womanizer who must Find a Waitress in The Canadian Rockies', 2006, 30, NULL),
(631, 'NOVOCAINE FLIGHT', 'A Fanciful Display of a Student And a Teacher who must Outgun a Crocodile in Nigeria', 2006, 31, NULL),
(632, 'NUTS TIES', 'A Thoughtful Drama of a Explorer And a Womanizer who must Meet a Teacher in California', 2006, 32, NULL),
(633, 'OCTOBER SUBMARINE', 'A Taut Epistle of a Monkey And a Boy who must Confront a Husband in A Jet Boat', 2006, 33, NULL),
(634, 'ODDS BOOGIE', 'A Thrilling Yarn of a Feminist And a Madman who must Battle a Hunter in Berlin', 2006, 34, NULL),
(635, 'OKLAHOMA JUMANJI', 'A Thoughtful Drama of a Dentist And a Womanizer who must Meet a Husband in The Sahara Desert', 2006, 35, NULL),
(636, 'OLEANDER CLUE', 'A Boring Story of a Teacher And a Monkey who must Succumb a Forensic Psychologist in A Jet Boat', 2006, 36, NULL),
(637, 'OPEN AFRICAN', 'A Lacklusture Drama of a Secret Agent And a Explorer who must Discover a Car in A U-Boat', 2006, 37, NULL),
(638, 'OPERATION OPERATION', 'A Intrepid Character Study of a Man And a Frisbee who must Overcome a Madman in Ancient China', 2006, 38, NULL),
(639, 'OPPOSITE NECKLACE', 'A Fateful Epistle of a Crocodile And a Moose who must Kill a Explorer in Nigeria', 2006, 39, NULL),
(640, 'OPUS ICE', 'A Fast-Paced Drama of a Hunter And a Boy who must Discover a Feminist in The Sahara Desert', 2006, 40, NULL),
(641, 'ORANGE GRAPES', 'A Astounding Documentary of a Butler And a Womanizer who must Face a Dog in A U-Boat', 2006, 41, NULL),
(642, 'ORDER BETRAYED', 'A Amazing Saga of a Dog And a A Shark who must Challenge a Cat in The Sahara Desert', 2006, 42, NULL),
(643, 'ORIENT CLOSER', 'A Astounding Epistle of a Technical Writer And a Teacher who must Fight a Squirrel in The Sahara Desert', 2006, 43, NULL),
(644, 'OSCAR GOLD', 'A Insightful Tale of a Database Administrator And a Dog who must Face a Madman in Soviet Georgia', 2006, 44, NULL),
(645, 'OTHERS SOUP', 'A Lacklusture Documentary of a Mad Cow And a Madman who must Sink a Moose in The Gulf of Mexico', 2006, 45, NULL),
(646, 'OUTBREAK DIVINE', 'A Unbelieveable Yarn of a Database Administrator And a Woman who must Succumb a A Shark in A U-Boat', 2006, 46, NULL),
(647, 'OUTFIELD MASSACRE', 'A Thoughtful Drama of a Husband And a Secret Agent who must Pursue a Database Administrator in Ancient India', 2006, 47, NULL),
(648, 'OUTLAW HANKY', 'A Thoughtful Story of a Astronaut And a Composer who must Conquer a Dog in The Sahara Desert', 2006, 48, NULL),
(649, 'OZ LIAISONS', 'A Epic Yarn of a Mad Scientist And a Cat who must Confront a Womanizer in A Baloon Factory', 2006, 49, NULL),
(650, 'PACIFIC AMISTAD', 'A Thrilling Yarn of a Dog And a Moose who must Kill a Pastry Chef in A Manhattan Penthouse', 2006, 50, NULL),
(651, 'PACKER MADIGAN', 'A Epic Display of a Sumo Wrestler And a Forensic Psychologist who must Build a Woman in An Abandoned Amusement Park', 2006, 51, NULL),
(652, 'PAJAMA JAWBREAKER', 'A Emotional Drama of a Boy And a Technical Writer who must Redeem a Sumo Wrestler in California', 2006, 52, NULL),
(653, 'PANIC CLUB', 'A Fanciful Display of a Teacher And a Crocodile who must Succumb a Girl in A Baloon', 2006, 53, NULL),
(654, 'PANKY SUBMARINE', 'A Touching Documentary of a Dentist And a Sumo Wrestler who must Overcome a Boy in The Gulf of Mexico', 2006, 54, NULL),
(655, 'PANTHER REDS', 'A Brilliant Panorama of a Moose And a Man who must Reach a Teacher in The Gulf of Mexico', 2006, 55, NULL),
(656, 'PAPI NECKLACE', 'A Fanciful Display of a Car And a Monkey who must Escape a Squirrel in Ancient Japan', 2006, 56, NULL),
(657, 'PARADISE SABRINA', 'A Intrepid Yarn of a Car And a Moose who must Outrace a Crocodile in A Manhattan Penthouse', 2006, 57, NULL),
(658, 'PARIS WEEKEND', 'A Intrepid Story of a Squirrel And a Crocodile who must Defeat a Monkey in The Outback', 2006, 58, NULL),
(659, 'PARK CITIZEN', 'A Taut Epistle of a Sumo Wrestler And a Girl who must Face a Husband in Ancient Japan', 2006, 59, NULL),
(660, 'PARTY KNOCK', 'A Fateful Display of a Technical Writer And a Butler who must Battle a Sumo Wrestler in An Abandoned Mine Shaft', 2006, 60, NULL),
(661, 'PAST SUICIDES', 'A Intrepid Tale of a Madman And a Astronaut who must Challenge a Hunter in A Monastery', 2006, 61, NULL),
(662, 'PATHS CONTROL', 'A Astounding Documentary of a Butler And a Cat who must Find a Frisbee in Ancient China', 2006, 62, NULL),
(663, 'PATIENT SISTER', 'A Emotional Epistle of a Squirrel And a Robot who must Confront a Lumberjack in Soviet Georgia', 2006, 63, NULL),
(664, 'PATRIOT ROMAN', 'A Taut Saga of a Robot And a Database Administrator who must Challenge a Astronaut in California', 2006, 64, NULL),
(665, 'PATTON INTERVIEW', 'A Thrilling Documentary of a Composer And a Secret Agent who must Succumb a Cat in Berlin', 2006, 65, NULL),
(666, 'PAYCHECK WAIT', 'A Awe-Inspiring Reflection of a Boy And a Man who must Discover a Moose in The Sahara Desert', 2006, 66, NULL),
(667, 'PEACH INNOCENT', 'A Action-Packed Drama of a Monkey And a Dentist who must Chase a Butler in Berlin', 2006, 67, NULL),
(668, 'PEAK FOREVER', 'A Insightful Reflection of a Boat And a Secret Agent who must Vanquish a Astronaut in An Abandoned Mine Shaft', 2006, 68, NULL),
(669, 'PEARL DESTINY', 'A Lacklusture Yarn of a Astronaut And a Pastry Chef who must Sink a Dog in A U-Boat', 2006, 69, NULL),
(670, 'PELICAN COMFORTS', 'A Epic Documentary of a Boy And a Monkey who must Pursue a Astronaut in Berlin', 2006, 70, NULL),
(671, 'PERDITION FARGO', 'A Fast-Paced Story of a Car And a Cat who must Outgun a Hunter in Berlin', 2006, 71, NULL),
(672, 'PERFECT GROOVE', 'A Thrilling Yarn of a Dog And a Dog who must Build a Husband in A Baloon', 2006, 72, NULL),
(673, 'PERSONAL LADYBUGS', 'A Epic Saga of a Hunter And a Technical Writer who must Conquer a Cat in Ancient Japan', 2006, 73, NULL),
(674, 'PET HAUNTING', 'A Unbelieveable Reflection of a Explorer And a Boat who must Conquer a Woman in California', 2006, 74, NULL),
(675, 'PHANTOM GLORY', 'A Beautiful Documentary of a Astronaut And a Crocodile who must Discover a Madman in A Monastery', 2006, 75, NULL),
(676, 'PHILADELPHIA WIFE', 'A Taut Yarn of a Hunter And a Astronaut who must Conquer a Database Administrator in The Sahara Desert', 2006, 76, NULL),
(677, 'PIANIST OUTFIELD', 'A Intrepid Story of a Boy And a Technical Writer who must Pursue a Lumberjack in A Monastery', 2006, 77, NULL),
(678, 'PICKUP DRIVING', 'A Touching Documentary of a Husband And a Boat who must Meet a Pastry Chef in A Baloon Factory', 2006, 78, NULL),
(679, 'PILOT HOOSIERS', 'A Awe-Inspiring Reflection of a Crocodile And a Sumo Wrestler who must Meet a Forensic Psychologist in An Abandoned Mine Shaft', 2006, 79, NULL),
(680, 'PINOCCHIO SIMON', 'A Action-Packed Reflection of a Mad Scientist And a A Shark who must Find a Feminist in California', 2006, 80, NULL),
(681, 'PIRATES ROXANNE', 'A Stunning Drama of a Woman And a Lumberjack who must Overcome a A Shark in The Canadian Rockies', 2006, 81, NULL),
(682, 'PITTSBURGH HUNCHBACK', 'A Thrilling Epistle of a Boy And a Boat who must Find a Student in Soviet Georgia', 2006, 82, NULL),
(683, 'PITY BOUND', 'A Boring Panorama of a Feminist And a Moose who must Defeat a Database Administrator in Nigeria', 2006, 83, NULL),
(684, 'PIZZA JUMANJI', 'A Epic Saga of a Cat And a Squirrel who must Outgun a Robot in A U-Boat', 2006, 84, NULL),
(685, 'PLATOON INSTINCT', 'A Thrilling Panorama of a Man And a Woman who must Reach a Woman in Australia', 2006, 85, NULL),
(686, 'PLUTO OLEANDER', 'A Action-Packed Reflection of a Car And a Moose who must Outgun a Car in A Shark Tank', 2006, 86, NULL),
(687, 'POCUS PULP', 'A Intrepid Yarn of a Frisbee And a Dog who must Build a Astronaut in A Baloon Factory', 2006, 87, NULL),
(688, 'POLISH BROOKLYN', 'A Boring Character Study of a Database Administrator And a Lumberjack who must Reach a Madman in The Outback', 2006, 88, NULL),
(689, 'POLLOCK DELIVERANCE', 'A Intrepid Story of a Madman And a Frisbee who must Outgun a Boat in The Sahara Desert', 2006, 89, NULL),
(690, 'POND SEATTLE', 'A Stunning Drama of a Teacher And a Boat who must Battle a Feminist in Ancient China', 2006, 90, NULL),
(691, 'POSEIDON FOREVER', 'A Thoughtful Epistle of a Womanizer And a Monkey who must Vanquish a Dentist in A Monastery', 2006, 91, NULL),
(692, 'POTLUCK MIXED', 'A Beautiful Story of a Dog And a Technical Writer who must Outgun a Student in A Baloon', 2006, 92, NULL),
(693, 'POTTER CONNECTICUT', 'A Thrilling Epistle of a Frisbee And a Cat who must Fight a Technical Writer in Berlin', 2006, 93, NULL),
(694, 'PREJUDICE OLEANDER', 'A Epic Saga of a Boy And a Dentist who must Outrace a Madman in A U-Boat', 2006, 94, NULL),
(695, 'PRESIDENT BANG', 'A Fateful Panorama of a Technical Writer And a Moose who must Battle a Robot in Soviet Georgia', 2006, 95, NULL),
(696, 'PRIDE ALAMO', 'A Thoughtful Drama of a A Shark And a Forensic Psychologist who must Vanquish a Student in Ancient India', 2006, 96, NULL),
(697, 'PRIMARY GLASS', 'A Fateful Documentary of a Pastry Chef And a Butler who must Build a Dog in The Canadian Rockies', 2006, 97, NULL),
(698, 'PRINCESS GIANT', 'A Thrilling Yarn of a Pastry Chef And a Monkey who must Battle a Monkey in A Shark Tank', 2006, 98, NULL),
(699, 'PRIVATE DROP', 'A Stunning Story of a Technical Writer And a Hunter who must Succumb a Secret Agent in A Baloon', 2006, 99, NULL),
(700, 'PRIX UNDEFEATED', 'A Stunning Saga of a Mad Scientist And a Boat who must Overcome a Dentist in Ancient China', 2006, 100, NULL),
(701, 'PSYCHO SHRUNK', 'A Amazing Panorama of a Crocodile And a Explorer who must Fight a Husband in Nigeria', 2006, 101, NULL),
(702, 'PULP BEVERLY', 'A Unbelieveable Display of a Dog And a Crocodile who must Outrace a Man in Nigeria', 2006, 102, NULL),
(703, 'PUNK DIVORCE', 'A Fast-Paced Tale of a Pastry Chef And a Boat who must Face a Frisbee in The Canadian Rockies', 2006, 103, NULL),
(704, 'PURE RUNNER', 'A Thoughtful Documentary of a Student And a Madman who must Challenge a Squirrel in A Manhattan Penthouse', 2006, 104, NULL),
(705, 'PURPLE MOVIE', 'A Boring Display of a Pastry Chef And a Sumo Wrestler who must Discover a Frisbee in An Abandoned Amusement Park', 2006, 105, NULL),
(706, 'QUEEN LUKE', 'A Astounding Story of a Girl And a Boy who must Challenge a Composer in New Orleans', 2006, 106, NULL),
(707, 'QUEST MUSSOLINI', 'A Fateful Drama of a Husband And a Sumo Wrestler who must Battle a Pastry Chef in A Baloon Factory', 2006, 107, NULL),
(708, 'QUILLS BULL', 'A Thoughtful Story of a Pioneer And a Woman who must Reach a Moose in Australia', 2006, 108, NULL),
(709, 'RACER EGG', 'A Emotional Display of a Monkey And a Waitress who must Reach a Secret Agent in California', 2006, 109, NULL),
(710, 'RAGE GAMES', 'A Fast-Paced Saga of a Astronaut And a Secret Agent who must Escape a Hunter in An Abandoned Amusement Park', 2006, 110, NULL),
(711, 'RAGING AIRPLANE', 'A Astounding Display of a Secret Agent And a Technical Writer who must Escape a Mad Scientist in A Jet Boat', 2006, 111, NULL),
(712, 'RAIDERS ANTITRUST', 'A Amazing Drama of a Teacher And a Feminist who must Meet a Woman in The First Manned Space Station', 2006, 112, NULL),
(713, 'RAINBOW SHOCK', 'A Action-Packed Story of a Hunter And a Boy who must Discover a Lumberjack in Ancient India', 2006, 113, NULL),
(714, 'RANDOM GO', 'A Fateful Drama of a Frisbee And a Student who must Confront a Cat in A Shark Tank', 2006, 114, NULL),
(715, 'RANGE MOONWALKER', 'A Insightful Documentary of a Hunter And a Dentist who must Confront a Crocodile in A Baloon', 2006, 115, NULL),
(716, 'REAP UNFAITHFUL', 'A Thrilling Epistle of a Composer And a Sumo Wrestler who must Challenge a Mad Cow in A MySQL Convention', 2006, 116, NULL),
(717, 'REAR TRADING', 'A Awe-Inspiring Reflection of a Forensic Psychologist And a Secret Agent who must Succumb a Pastry Chef in Soviet Georgia', 2006, 117, NULL),
(718, 'REBEL AIRPORT', 'A Intrepid Yarn of a Database Administrator And a Boat who must Outrace a Husband in Ancient India', 2006, 118, NULL),
(719, 'RECORDS ZORRO', 'A Amazing Drama of a Mad Scientist And a Composer who must Build a Husband in The Outback', 2006, 119, NULL),
(720, 'REDEMPTION COMFORTS', 'A Emotional Documentary of a Dentist And a Woman who must Battle a Mad Scientist in Ancient China', 2006, 120, NULL),
(721, 'REDS POCUS', 'A Lacklusture Yarn of a Sumo Wrestler And a Squirrel who must Redeem a Monkey in Soviet Georgia', 2006, 121, NULL),
(722, 'REEF SALUTE', 'A Action-Packed Saga of a Teacher And a Lumberjack who must Battle a Dentist in A Baloon', 2006, 122, NULL),
(723, 'REIGN GENTLEMEN', 'A Emotional Yarn of a Composer And a Man who must Escape a Butler in The Gulf of Mexico', 2006, 123, NULL),
(724, 'REMEMBER DIARY', 'A Insightful Tale of a Technical Writer And a Waitress who must Conquer a Monkey in Ancient India', 2006, 124, NULL),
(725, 'REQUIEM TYCOON', 'A Unbelieveable Character Study of a Cat And a Database Administrator who must Pursue a Teacher in A Monastery', 2006, 125, NULL),
(726, 'RESERVOIR ADAPTATION', 'A Intrepid Drama of a Teacher And a Moose who must Kill a Car in California', 2006, 126, NULL),
(727, 'RESURRECTION SILVERADO', 'A Epic Yarn of a Robot And a Explorer who must Challenge a Girl in A MySQL Convention', 2006, 127, NULL);
INSERT INTO `film` (`film_id`, `film_title`, `description`, `year_released`, `trailer_id`, `poster`) VALUES
(728, 'REUNION WITCHES', 'A Unbelieveable Documentary of a Database Administrator And a Frisbee who must Redeem a Mad Scientist in A Baloon Factory', 2006, 128, NULL),
(729, 'RIDER CADDYSHACK', 'A Taut Reflection of a Monkey And a Womanizer who must Chase a Moose in Nigeria', 2006, 129, NULL),
(730, 'RIDGEMONT SUBMARINE', 'A Unbelieveable Drama of a Waitress And a Composer who must Sink a Mad Cow in Ancient Japan', 2006, 130, NULL),
(731, 'RIGHT CRANES', 'A Fateful Character Study of a Boat And a Cat who must Find a Database Administrator in A Jet Boat', 2006, 131, NULL),
(732, 'RINGS HEARTBREAKERS', 'A Amazing Yarn of a Sumo Wrestler And a Boat who must Conquer a Waitress in New Orleans', 2006, 132, NULL),
(733, 'RIVER OUTLAW', 'A Thrilling Character Study of a Squirrel And a Lumberjack who must Face a Hunter in A MySQL Convention', 2006, 133, NULL),
(734, 'ROAD ROXANNE', 'A Boring Character Study of a Waitress And a Astronaut who must Fight a Crocodile in Ancient Japan', 2006, 134, NULL),
(735, 'ROBBERS JOON', 'A Thoughtful Story of a Mad Scientist And a Waitress who must Confront a Forensic Psychologist in Soviet Georgia', 2006, 135, NULL),
(736, 'ROBBERY BRIGHT', 'A Taut Reflection of a Robot And a Squirrel who must Fight a Boat in Ancient Japan', 2006, 136, NULL),
(737, 'ROCK INSTINCT', 'A Astounding Character Study of a Robot And a Moose who must Overcome a Astronaut in Ancient India', 2006, 137, NULL),
(738, 'ROCKETEER MOTHER', 'A Awe-Inspiring Character Study of a Robot And a Sumo Wrestler who must Discover a Womanizer in A Shark Tank', 2006, 138, NULL),
(739, 'ROCKY WAR', 'A Fast-Paced Display of a Squirrel And a Explorer who must Outgun a Mad Scientist in Nigeria', 2006, 139, NULL),
(740, 'ROLLERCOASTER BRINGING', 'A Beautiful Drama of a Robot And a Lumberjack who must Discover a Technical Writer in A Shark Tank', 2006, 140, NULL),
(741, 'ROMAN PUNK', 'A Thoughtful Panorama of a Mad Cow And a Student who must Battle a Forensic Psychologist in Berlin', 2006, 141, NULL),
(742, 'ROOF CHAMPION', 'A Lacklusture Reflection of a Car And a Explorer who must Find a Monkey in A Baloon', 2006, 142, NULL),
(743, 'ROOM ROMAN', 'A Awe-Inspiring Panorama of a Composer And a Secret Agent who must Sink a Composer in A Shark Tank', 2006, 143, NULL),
(744, 'ROOTS REMEMBER', 'A Brilliant Drama of a Mad Cow And a Hunter who must Escape a Hunter in Berlin', 2006, 144, NULL),
(745, 'ROSES TREASURE', 'A Astounding Panorama of a Monkey And a Secret Agent who must Defeat a Woman in The First Manned Space Station', 2006, 145, NULL),
(746, 'ROUGE SQUAD', 'A Awe-Inspiring Drama of a Astronaut And a Frisbee who must Conquer a Mad Scientist in Australia', 2006, 146, NULL),
(747, 'ROXANNE REBEL', 'A Astounding Story of a Pastry Chef And a Database Administrator who must Fight a Man in The Outback', 2006, 147, NULL),
(748, 'RUGRATS SHAKESPEARE', 'A Touching Saga of a Crocodile And a Crocodile who must Discover a Technical Writer in Nigeria', 2006, 148, NULL),
(749, 'RULES HUMAN', 'A Beautiful Epistle of a Astronaut And a Student who must Confront a Monkey in An Abandoned Fun House', 2006, 149, NULL),
(750, 'RUN PACIFIC', 'A Touching Tale of a Cat And a Pastry Chef who must Conquer a Pastry Chef in A MySQL Convention', 2006, 150, NULL),
(751, 'RUNAWAY TENENBAUMS', 'A Thoughtful Documentary of a Boat And a Man who must Meet a Boat in An Abandoned Fun House', 2006, 1, NULL),
(752, 'RUNNER MADIGAN', 'A Thoughtful Documentary of a Crocodile And a Robot who must Outrace a Womanizer in The Outback', 2006, 2, NULL),
(753, 'RUSH GOODFELLAS', 'A Emotional Display of a Man And a Dentist who must Challenge a Squirrel in Australia', 2006, 3, NULL),
(754, 'RUSHMORE MERMAID', 'A Boring Story of a Woman And a Moose who must Reach a Husband in A Shark Tank', 2006, 4, NULL),
(755, 'SABRINA MIDNIGHT', 'A Emotional Story of a Squirrel And a Crocodile who must Succumb a Husband in The Sahara Desert', 2006, 5, NULL),
(756, 'SADDLE ANTITRUST', 'A Stunning Epistle of a Feminist And a A Shark who must Battle a Woman in An Abandoned Fun House', 2006, 6, NULL),
(757, 'SAGEBRUSH CLUELESS', 'A Insightful Story of a Lumberjack And a Hunter who must Kill a Boy in Ancient Japan', 2006, 7, NULL),
(758, 'SAINTS BRIDE', 'A Fateful Tale of a Technical Writer And a Composer who must Pursue a Explorer in The Gulf of Mexico', 2006, 8, NULL),
(759, 'SALUTE APOLLO', 'A Awe-Inspiring Character Study of a Boy And a Feminist who must Sink a Crocodile in Ancient China', 2006, 9, NULL),
(760, 'SAMURAI LION', 'A Fast-Paced Story of a Pioneer And a Astronaut who must Reach a Boat in A Baloon', 2006, 10, NULL),
(761, 'SANTA PARIS', 'A Emotional Documentary of a Moose And a Car who must Redeem a Mad Cow in A Baloon Factory', 2006, 11, NULL),
(762, 'SASSY PACKER', 'A Fast-Paced Documentary of a Dog And a Teacher who must Find a Moose in A Manhattan Penthouse', 2006, 12, NULL),
(763, 'SATISFACTION CONFIDENTIAL', 'A Lacklusture Yarn of a Dentist And a Butler who must Meet a Secret Agent in Ancient China', 2006, 13, NULL),
(764, 'SATURDAY LAMBS', 'A Thoughtful Reflection of a Mad Scientist And a Moose who must Kill a Husband in A Baloon', 2006, 14, NULL),
(765, 'SATURN NAME', 'A Fateful Epistle of a Butler And a Boy who must Redeem a Teacher in Berlin', 2006, 15, NULL),
(766, 'SAVANNAH TOWN', 'A Awe-Inspiring Tale of a Astronaut And a Database Administrator who must Chase a Secret Agent in The Gulf of Mexico', 2006, 16, NULL),
(767, 'SCALAWAG DUCK', 'A Fateful Reflection of a Car And a Teacher who must Confront a Waitress in A Monastery', 2006, 17, NULL),
(768, 'SCARFACE BANG', 'A Emotional Yarn of a Teacher And a Girl who must Find a Teacher in A Baloon Factory', 2006, 18, NULL),
(769, 'SCHOOL JACKET', 'A Intrepid Yarn of a Monkey And a Boy who must Fight a Composer in A Manhattan Penthouse', 2006, 19, NULL),
(770, 'SCISSORHANDS SLUMS', 'A Awe-Inspiring Drama of a Girl And a Technical Writer who must Meet a Feminist in The Canadian Rockies', 2006, 20, NULL),
(771, 'SCORPION APOLLO', 'A Awe-Inspiring Documentary of a Technical Writer And a Husband who must Meet a Monkey in An Abandoned Fun House', 2006, 21, NULL),
(772, 'SEA VIRGIN', 'A Fast-Paced Documentary of a Technical Writer And a Pastry Chef who must Escape a Moose in A U-Boat', 2006, 22, NULL),
(773, 'SEABISCUIT PUNK', 'A Insightful Saga of a Man And a Forensic Psychologist who must Discover a Mad Cow in A MySQL Convention', 2006, 23, NULL),
(774, 'SEARCHERS WAIT', 'A Fast-Paced Tale of a Car And a Mad Scientist who must Kill a Womanizer in Ancient Japan', 2006, 24, NULL),
(775, 'SEATTLE EXPECATIONS', 'A Insightful Reflection of a Crocodile And a Sumo Wrestler who must Meet a Technical Writer in The Sahara Desert', 2006, 25, NULL),
(776, 'SECRET GROUNDHOG', 'A Astounding Story of a Cat And a Database Administrator who must Build a Technical Writer in New Orleans', 2006, 26, NULL),
(777, 'SECRETARY ROUGE', 'A Action-Packed Panorama of a Mad Cow And a Composer who must Discover a Robot in A Baloon Factory', 2006, 27, NULL),
(778, 'SECRETS PARADISE', 'A Fateful Saga of a Cat And a Frisbee who must Kill a Girl in A Manhattan Penthouse', 2006, 28, NULL),
(779, 'SENSE GREEK', 'A Taut Saga of a Lumberjack And a Pastry Chef who must Escape a Sumo Wrestler in An Abandoned Fun House', 2006, 29, NULL),
(780, 'SENSIBILITY REAR', 'A Emotional Tale of a Robot And a Sumo Wrestler who must Redeem a Pastry Chef in A Baloon Factory', 2006, 30, NULL),
(781, 'SEVEN SWARM', 'A Unbelieveable Character Study of a Dog And a Mad Cow who must Kill a Monkey in Berlin', 2006, 31, NULL),
(782, 'SHAKESPEARE SADDLE', 'A Fast-Paced Panorama of a Lumberjack And a Database Administrator who must Defeat a Madman in A MySQL Convention', 2006, 32, NULL),
(783, 'SHANE DARKNESS', 'A Action-Packed Saga of a Moose And a Lumberjack who must Find a Woman in Berlin', 2006, 33, NULL),
(784, 'SHANGHAI TYCOON', 'A Fast-Paced Character Study of a Crocodile And a Lumberjack who must Build a Husband in An Abandoned Fun House', 2006, 34, NULL),
(785, 'SHAWSHANK BUBBLE', 'A Lacklusture Story of a Moose And a Monkey who must Confront a Butler in An Abandoned Amusement Park', 2006, 35, NULL),
(786, 'SHEPHERD MIDSUMMER', 'A Thoughtful Drama of a Robot And a Womanizer who must Kill a Lumberjack in A Baloon', 2006, 36, NULL),
(787, 'SHINING ROSES', 'A Awe-Inspiring Character Study of a Astronaut And a Forensic Psychologist who must Challenge a Madman in Ancient India', 2006, 37, NULL),
(788, 'SHIP WONDERLAND', 'A Thrilling Saga of a Monkey And a Frisbee who must Escape a Explorer in The Outback', 2006, 38, NULL),
(789, 'SHOCK CABIN', 'A Fateful Tale of a Mad Cow And a Crocodile who must Meet a Husband in New Orleans', 2006, 39, NULL),
(790, 'SHOOTIST SUPERFLY', 'A Fast-Paced Story of a Crocodile And a A Shark who must Sink a Pioneer in Berlin', 2006, 40, NULL),
(791, 'SHOW LORD', 'A Fanciful Saga of a Student And a Girl who must Find a Butler in Ancient Japan', 2006, 41, NULL),
(792, 'SHREK LICENSE', 'A Fateful Yarn of a Secret Agent And a Feminist who must Find a Feminist in A Jet Boat', 2006, 42, NULL),
(793, 'SHRUNK DIVINE', 'A Fateful Character Study of a Waitress And a Technical Writer who must Battle a Hunter in A Baloon', 2006, 43, NULL),
(794, 'SIDE ARK', 'A Stunning Panorama of a Crocodile And a Womanizer who must Meet a Feminist in The Canadian Rockies', 2006, 44, NULL),
(795, 'SIEGE MADRE', 'A Boring Tale of a Frisbee And a Crocodile who must Vanquish a Moose in An Abandoned Mine Shaft', 2006, 45, NULL),
(796, 'SIERRA DIVIDE', 'A Emotional Character Study of a Frisbee And a Mad Scientist who must Build a Madman in California', 2006, 46, NULL),
(797, 'SILENCE KANE', 'A Emotional Drama of a Sumo Wrestler And a Dentist who must Confront a Sumo Wrestler in A Baloon', 2006, 47, NULL),
(798, 'SILVERADO GOLDFINGER', 'A Stunning Epistle of a Sumo Wrestler And a Man who must Challenge a Waitress in Ancient India', 2006, 48, NULL),
(799, 'SIMON NORTH', 'A Thrilling Documentary of a Technical Writer And a A Shark who must Face a Pioneer in A Shark Tank', 2006, 49, NULL),
(800, 'SINNERS ATLANTIS', 'A Epic Display of a Dog And a Boat who must Succumb a Mad Scientist in An Abandoned Mine Shaft', 2006, 50, NULL),
(801, 'SISTER FREDDY', 'A Stunning Saga of a Butler And a Woman who must Pursue a Explorer in Australia', 2006, 51, NULL),
(802, 'SKY MIRACLE', 'A Epic Drama of a Mad Scientist And a Explorer who must Succumb a Waitress in An Abandoned Fun House', 2006, 52, NULL),
(803, 'SLACKER LIAISONS', 'A Fast-Paced Tale of a A Shark And a Student who must Meet a Crocodile in Ancient China', 2006, 53, NULL),
(804, 'SLEEPING SUSPECTS', 'A Stunning Reflection of a Sumo Wrestler And a Explorer who must Sink a Frisbee in A MySQL Convention', 2006, 54, NULL),
(805, 'SLEEPLESS MONSOON', 'A Amazing Saga of a Moose And a Pastry Chef who must Escape a Butler in Australia', 2006, 55, NULL),
(806, 'SLEEPY JAPANESE', 'A Emotional Epistle of a Moose And a Composer who must Fight a Technical Writer in The Outback', 2006, 56, NULL),
(807, 'SLEUTH ORIENT', 'A Fateful Character Study of a Husband And a Dog who must Find a Feminist in Ancient India', 2006, 57, NULL),
(808, 'SLING LUKE', 'A Intrepid Character Study of a Robot And a Monkey who must Reach a Secret Agent in An Abandoned Amusement Park', 2006, 58, NULL),
(809, 'SLIPPER FIDELITY', 'A Taut Reflection of a Secret Agent And a Man who must Redeem a Explorer in A MySQL Convention', 2006, 59, NULL),
(810, 'SLUMS DUCK', 'A Amazing Character Study of a Teacher And a Database Administrator who must Defeat a Waitress in A Jet Boat', 2006, 60, NULL),
(811, 'SMILE EARRING', 'A Intrepid Drama of a Teacher And a Butler who must Build a Pastry Chef in Berlin', 2006, 61, NULL),
(812, 'SMOKING BARBARELLA', 'A Lacklusture Saga of a Mad Cow And a Mad Scientist who must Sink a Cat in A MySQL Convention', 2006, 62, NULL),
(813, 'SMOOCHY CONTROL', 'A Thrilling Documentary of a Husband And a Feminist who must Face a Mad Scientist in Ancient China', 2006, 63, NULL),
(814, 'SNATCH SLIPPER', 'A Insightful Panorama of a Woman And a Feminist who must Defeat a Forensic Psychologist in Berlin', 2006, 64, NULL),
(815, 'SNATCHERS MONTEZUMA', 'A Boring Epistle of a Sumo Wrestler And a Woman who must Escape a Man in The Canadian Rockies', 2006, 65, NULL),
(816, 'SNOWMAN ROLLERCOASTER', 'A Fateful Display of a Lumberjack And a Girl who must Succumb a Mad Cow in A Manhattan Penthouse', 2006, 66, NULL),
(817, 'SOLDIERS EVOLUTION', 'A Lacklusture Panorama of a A Shark And a Pioneer who must Confront a Student in The First Manned Space Station', 2006, 67, NULL),
(818, 'SOMETHING DUCK', 'A Boring Character Study of a Car And a Husband who must Outgun a Frisbee in The First Manned Space Station', 2006, 68, NULL),
(819, 'SONG HEDWIG', 'A Amazing Documentary of a Man And a Husband who must Confront a Squirrel in A MySQL Convention', 2006, 69, NULL),
(820, 'SONS INTERVIEW', 'A Taut Character Study of a Explorer And a Mad Cow who must Battle a Hunter in Ancient China', 2006, 70, NULL),
(821, 'SORORITY QUEEN', 'A Fast-Paced Display of a Squirrel And a Composer who must Fight a Forensic Psychologist in A Jet Boat', 2006, 71, NULL),
(822, 'SOUP WISDOM', 'A Fast-Paced Display of a Robot And a Butler who must Defeat a Butler in A MySQL Convention', 2006, 72, NULL),
(823, 'SOUTH WAIT', 'A Amazing Documentary of a Car And a Robot who must Escape a Lumberjack in An Abandoned Amusement Park', 2006, 73, NULL),
(824, 'SPARTACUS CHEAPER', 'A Thrilling Panorama of a Pastry Chef And a Secret Agent who must Overcome a Student in A Manhattan Penthouse', 2006, 74, NULL),
(825, 'SPEAKEASY DATE', 'A Lacklusture Drama of a Forensic Psychologist And a Car who must Redeem a Man in A Manhattan Penthouse', 2006, 75, NULL),
(826, 'SPEED SUIT', 'A Brilliant Display of a Frisbee And a Mad Scientist who must Succumb a Robot in Ancient China', 2006, 76, NULL),
(827, 'SPICE SORORITY', 'A Fateful Display of a Pioneer And a Hunter who must Defeat a Husband in An Abandoned Mine Shaft', 2006, 77, NULL),
(828, 'SPIKING ELEMENT', 'A Lacklusture Epistle of a Dentist And a Technical Writer who must Find a Dog in A Monastery', 2006, 78, NULL),
(829, 'SPINAL ROCKY', 'A Lacklusture Epistle of a Sumo Wrestler And a Squirrel who must Defeat a Explorer in California', 2006, 79, NULL),
(830, 'SPIRIT FLINTSTONES', 'A Brilliant Yarn of a Cat And a Car who must Confront a Explorer in Ancient Japan', 2006, 80, NULL),
(831, 'SPIRITED CASUALTIES', 'A Taut Story of a Waitress And a Man who must Face a Car in A Baloon Factory', 2006, 81, NULL),
(832, 'SPLASH GUMP', 'A Taut Saga of a Crocodile And a Boat who must Conquer a Hunter in A Shark Tank', 2006, 82, NULL),
(833, 'SPLENDOR PATTON', 'A Taut Story of a Dog And a Explorer who must Find a Astronaut in Berlin', 2006, 83, NULL),
(834, 'SPOILERS HELLFIGHTERS', 'A Fanciful Story of a Technical Writer And a Squirrel who must Defeat a Dog in The Gulf of Mexico', 2006, 84, NULL),
(835, 'SPY MILE', 'A Thrilling Documentary of a Feminist And a Feminist who must Confront a Feminist in A Baloon', 2006, 85, NULL),
(836, 'SQUAD FISH', 'A Fast-Paced Display of a Pastry Chef And a Dog who must Kill a Teacher in Berlin', 2006, 86, NULL),
(837, 'STAGE WORLD', 'A Lacklusture Panorama of a Woman And a Frisbee who must Chase a Crocodile in A Jet Boat', 2006, 87, NULL),
(838, 'STAGECOACH ARMAGEDDON', 'A Touching Display of a Pioneer And a Butler who must Chase a Car in California', 2006, 88, NULL),
(839, 'STALLION SUNDANCE', 'A Fast-Paced Tale of a Car And a Dog who must Outgun a A Shark in Australia', 2006, 89, NULL),
(840, 'STAMPEDE DISTURBING', 'A Unbelieveable Tale of a Woman And a Lumberjack who must Fight a Frisbee in A U-Boat', 2006, 90, NULL),
(841, 'STAR OPERATION', 'A Insightful Character Study of a Girl And a Car who must Pursue a Mad Cow in A Shark Tank', 2006, 91, NULL),
(842, 'STATE WASTELAND', 'A Beautiful Display of a Cat And a Pastry Chef who must Outrace a Mad Cow in A Jet Boat', 2006, 92, NULL),
(843, 'STEEL SANTA', 'A Fast-Paced Yarn of a Composer And a Frisbee who must Face a Moose in Nigeria', 2006, 93, NULL),
(844, 'STEERS ARMAGEDDON', 'A Stunning Character Study of a Car And a Girl who must Succumb a Car in A MySQL Convention', 2006, 94, NULL),
(845, 'STEPMOM DREAM', 'A Touching Epistle of a Crocodile And a Teacher who must Build a Forensic Psychologist in A MySQL Convention', 2006, 95, NULL),
(846, 'STING PERSONAL', 'A Fanciful Drama of a Frisbee And a Dog who must Fight a Madman in A Jet Boat', 2006, 96, NULL),
(847, 'STOCK GLASS', 'A Boring Epistle of a Crocodile And a Lumberjack who must Outgun a Moose in Ancient China', 2006, 97, NULL),
(848, 'STONE FIRE', 'A Intrepid Drama of a Astronaut And a Crocodile who must Find a Boat in Soviet Georgia', 2006, 98, NULL),
(849, 'STORM HAPPINESS', 'A Insightful Drama of a Feminist And a A Shark who must Vanquish a Boat in A Shark Tank', 2006, 99, NULL),
(850, 'STORY SIDE', 'A Lacklusture Saga of a Boy And a Cat who must Sink a Dentist in An Abandoned Mine Shaft', 2006, 100, NULL),
(851, 'STRAIGHT HOURS', 'A Boring Panorama of a Secret Agent And a Girl who must Sink a Waitress in The Outback', 2006, 101, NULL),
(852, 'STRANGELOVE DESIRE', 'A Awe-Inspiring Panorama of a Lumberjack And a Waitress who must Defeat a Crocodile in An Abandoned Amusement Park', 2006, 102, NULL),
(853, 'STRANGER STRANGERS', 'A Awe-Inspiring Yarn of a Womanizer And a Explorer who must Fight a Woman in The First Manned Space Station', 2006, 103, NULL),
(854, 'STRANGERS GRAFFITI', 'A Brilliant Character Study of a Secret Agent And a Man who must Find a Cat in The Gulf of Mexico', 2006, 104, NULL),
(855, 'STREAK RIDGEMONT', 'A Astounding Character Study of a Hunter And a Waitress who must Sink a Man in New Orleans', 2006, 105, NULL),
(856, 'STREETCAR INTENTIONS', 'A Insightful Character Study of a Waitress And a Crocodile who must Sink a Waitress in The Gulf of Mexico', 2006, 106, NULL),
(857, 'STRICTLY SCARFACE', 'A Touching Reflection of a Crocodile And a Dog who must Chase a Hunter in An Abandoned Fun House', 2006, 107, NULL),
(858, 'SUBMARINE BED', 'A Amazing Display of a Car And a Monkey who must Fight a Teacher in Soviet Georgia', 2006, 108, NULL),
(859, 'SUGAR WONKA', 'A Touching Story of a Dentist And a Database Administrator who must Conquer a Astronaut in An Abandoned Amusement Park', 2006, 109, NULL),
(860, 'SUICIDES SILENCE', 'A Emotional Character Study of a Car And a Girl who must Face a Composer in A U-Boat', 2006, 110, NULL),
(861, 'SUIT WALLS', 'A Touching Panorama of a Lumberjack And a Frisbee who must Build a Dog in Australia', 2006, 111, NULL),
(862, 'SUMMER SCARFACE', 'A Emotional Panorama of a Lumberjack And a Hunter who must Meet a Girl in A Shark Tank', 2006, 112, NULL),
(863, 'SUN CONFESSIONS', 'A Beautiful Display of a Mad Cow And a Dog who must Redeem a Waitress in An Abandoned Amusement Park', 2006, 113, NULL),
(864, 'SUNDANCE INVASION', 'A Epic Drama of a Lumberjack And a Explorer who must Confront a Hunter in A Baloon Factory', 2006, 114, NULL),
(865, 'SUNRISE LEAGUE', 'A Beautiful Epistle of a Madman And a Butler who must Face a Crocodile in A Manhattan Penthouse', 2006, 115, NULL),
(866, 'SUNSET RACER', 'A Awe-Inspiring Reflection of a Astronaut And a A Shark who must Defeat a Forensic Psychologist in California', 2006, 116, NULL),
(867, 'SUPER WYOMING', 'A Action-Packed Saga of a Pastry Chef And a Explorer who must Discover a A Shark in The Outback', 2006, 117, NULL),
(868, 'SUPERFLY TRIP', 'A Beautiful Saga of a Lumberjack And a Teacher who must Build a Technical Writer in An Abandoned Fun House', 2006, 118, NULL),
(869, 'SUSPECTS QUILLS', 'A Emotional Epistle of a Pioneer And a Crocodile who must Battle a Man in A Manhattan Penthouse', 2006, 119, NULL),
(870, 'SWARM GOLD', 'A Insightful Panorama of a Crocodile And a Boat who must Conquer a Sumo Wrestler in A MySQL Convention', 2006, 120, NULL),
(871, 'SWEDEN SHINING', 'A Taut Documentary of a Car And a Robot who must Conquer a Boy in The Canadian Rockies', 2006, 121, NULL),
(872, 'SWEET BROTHERHOOD', 'A Unbelieveable Epistle of a Sumo Wrestler And a Hunter who must Chase a Forensic Psychologist in A Baloon', 2006, 122, NULL),
(873, 'SWEETHEARTS SUSPECTS', 'A Brilliant Character Study of a Frisbee And a Sumo Wrestler who must Confront a Woman in The Gulf of Mexico', 2006, 123, NULL),
(874, 'TADPOLE PARK', 'A Beautiful Tale of a Frisbee And a Moose who must Vanquish a Dog in An Abandoned Amusement Park', 2006, 124, NULL),
(875, 'TALENTED HOMICIDE', 'A Lacklusture Panorama of a Dentist And a Forensic Psychologist who must Outrace a Pioneer in A U-Boat', 2006, 125, NULL),
(876, 'TARZAN VIDEOTAPE', 'A Fast-Paced Display of a Lumberjack And a Mad Scientist who must Succumb a Sumo Wrestler in The Sahara Desert', 2006, 126, NULL),
(877, 'TAXI KICK', 'A Amazing Epistle of a Girl And a Woman who must Outrace a Waitress in Soviet Georgia', 2006, 127, NULL),
(878, 'TEEN APOLLO', 'A Awe-Inspiring Drama of a Dog And a Man who must Escape a Robot in A Shark Tank', 2006, 128, NULL),
(879, 'TELEGRAPH VOYAGE', 'A Fateful Yarn of a Husband And a Dog who must Battle a Waitress in A Jet Boat', 2006, 129, NULL),
(880, 'TELEMARK HEARTBREAKERS', 'A Action-Packed Panorama of a Technical Writer And a Man who must Build a Forensic Psychologist in A Manhattan Penthouse', 2006, 130, NULL),
(881, 'TEMPLE ATTRACTION', 'A Action-Packed Saga of a Forensic Psychologist And a Woman who must Battle a Womanizer in Soviet Georgia', 2006, 131, NULL),
(882, 'TENENBAUMS COMMAND', 'A Taut Display of a Pioneer And a Man who must Reach a Girl in The Gulf of Mexico', 2006, 132, NULL),
(883, 'TEQUILA PAST', 'A Action-Packed Panorama of a Mad Scientist And a Robot who must Challenge a Student in Nigeria', 2006, 133, NULL),
(884, 'TERMINATOR CLUB', 'A Touching Story of a Crocodile And a Girl who must Sink a Man in The Gulf of Mexico', 2006, 134, NULL),
(885, 'TEXAS WATCH', 'A Awe-Inspiring Yarn of a Student And a Teacher who must Fight a Teacher in An Abandoned Amusement Park', 2006, 135, NULL),
(886, 'THEORY MERMAID', 'A Fateful Yarn of a Composer And a Monkey who must Vanquish a Womanizer in The First Manned Space Station', 2006, 136, NULL),
(887, 'THIEF PELICAN', 'A Touching Documentary of a Madman And a Mad Scientist who must Outrace a Feminist in An Abandoned Mine Shaft', 2006, 137, NULL),
(888, 'THIN SAGEBRUSH', 'A Emotional Drama of a Husband And a Lumberjack who must Build a Cat in Ancient India', 2006, 138, NULL),
(889, 'TIES HUNGER', 'A Insightful Saga of a Astronaut And a Explorer who must Pursue a Mad Scientist in A U-Boat', 2006, 139, NULL),
(890, 'TIGHTS DAWN', 'A Thrilling Epistle of a Boat And a Secret Agent who must Face a Boy in A Baloon', 2006, 140, NULL),
(891, 'TIMBERLAND SKY', 'A Boring Display of a Man And a Dog who must Redeem a Girl in A U-Boat', 2006, 141, NULL),
(892, 'TITANIC BOONDOCK', 'A Brilliant Reflection of a Feminist And a Dog who must Fight a Boy in A Baloon Factory', 2006, 142, NULL),
(893, 'TITANS JERK', 'A Unbelieveable Panorama of a Feminist And a Sumo Wrestler who must Challenge a Technical Writer in Ancient China', 2006, 143, NULL),
(894, 'TOMATOES HELLFIGHTERS', 'A Thoughtful Epistle of a Madman And a Astronaut who must Overcome a Monkey in A Shark Tank', 2006, 144, NULL),
(895, 'TOMORROW HUSTLER', 'A Thoughtful Story of a Moose And a Husband who must Face a Secret Agent in The Sahara Desert', 2006, 145, NULL),
(896, 'TOOTSIE PILOT', 'A Awe-Inspiring Documentary of a Womanizer And a Pastry Chef who must Kill a Lumberjack in Berlin', 2006, 146, NULL),
(897, 'TORQUE BOUND', 'A Emotional Display of a Crocodile And a Husband who must Reach a Man in Ancient Japan', 2006, 147, NULL),
(898, 'TOURIST PELICAN', 'A Boring Story of a Butler And a Astronaut who must Outrace a Pioneer in Australia', 2006, 148, NULL),
(899, 'TOWERS HURRICANE', 'A Fateful Display of a Monkey And a Car who must Sink a Husband in A MySQL Convention', 2006, 149, NULL),
(900, 'TOWN ARK', 'A Awe-Inspiring Documentary of a Moose And a Madman who must Meet a Dog in An Abandoned Mine Shaft', 2006, 150, NULL),
(901, 'TRACY CIDER', 'A Touching Reflection of a Database Administrator And a Madman who must Build a Lumberjack in Nigeria', 2006, 1, NULL),
(902, 'TRADING PINOCCHIO', 'A Emotional Character Study of a Student And a Explorer who must Discover a Frisbee in The First Manned Space Station', 2006, 2, NULL),
(903, 'TRAFFIC HOBBIT', 'A Amazing Epistle of a Squirrel And a Lumberjack who must Succumb a Database Administrator in A U-Boat', 2006, 3, NULL),
(904, 'TRAIN BUNCH', 'A Thrilling Character Study of a Robot And a Squirrel who must Face a Dog in Ancient India', 2006, 4, NULL),
(905, 'TRAINSPOTTING STRANGERS', 'A Fast-Paced Drama of a Pioneer And a Mad Cow who must Challenge a Madman in Ancient Japan', 2006, 5, NULL),
(906, 'TRAMP OTHERS', 'A Brilliant Display of a Composer And a Cat who must Succumb a A Shark in Ancient India', 2006, 6, NULL),
(907, 'TRANSLATION SUMMER', 'A Touching Reflection of a Man And a Monkey who must Pursue a Womanizer in A MySQL Convention', 2006, 7, NULL),
(908, 'TRAP GUYS', 'A Unbelieveable Story of a Boy And a Mad Cow who must Challenge a Database Administrator in The Sahara Desert', 2006, 8, NULL),
(909, 'TREASURE COMMAND', 'A Emotional Saga of a Car And a Madman who must Discover a Pioneer in California', 2006, 9, NULL),
(910, 'TREATMENT JEKYLL', 'A Boring Story of a Teacher And a Student who must Outgun a Cat in An Abandoned Mine Shaft', 2006, 10, NULL),
(911, 'TRIP NEWTON', 'A Fanciful Character Study of a Lumberjack And a Car who must Discover a Cat in An Abandoned Amusement Park', 2006, 11, NULL),
(912, 'TROJAN TOMORROW', 'A Astounding Panorama of a Husband And a Sumo Wrestler who must Pursue a Boat in Ancient India', 2006, 12, NULL),
(913, 'TROOPERS METAL', 'A Fanciful Drama of a Monkey And a Feminist who must Sink a Man in Berlin', 2006, 13, NULL),
(914, 'TROUBLE DATE', 'A Lacklusture Panorama of a Forensic Psychologist And a Woman who must Kill a Explorer in Ancient Japan', 2006, 14, NULL),
(915, 'TRUMAN CRAZY', 'A Thrilling Epistle of a Moose And a Boy who must Meet a Database Administrator in A Monastery', 2006, 15, NULL),
(916, 'TURN STAR', 'A Stunning Tale of a Man And a Monkey who must Chase a Student in New Orleans', 2006, 16, NULL),
(917, 'TUXEDO MILE', 'A Boring Drama of a Man And a Forensic Psychologist who must Face a Frisbee in Ancient India', 2006, 17, NULL),
(918, 'TWISTED PIRATES', 'A Touching Display of a Frisbee And a Boat who must Kill a Girl in A MySQL Convention', 2006, 18, NULL),
(919, 'TYCOON GATHERING', 'A Emotional Display of a Husband And a A Shark who must Succumb a Madman in A Manhattan Penthouse', 2006, 19, NULL),
(920, 'UNBREAKABLE KARATE', 'A Amazing Character Study of a Robot And a Student who must Chase a Robot in Australia', 2006, 20, NULL),
(921, 'UNCUT SUICIDES', 'A Intrepid Yarn of a Explorer And a Pastry Chef who must Pursue a Mad Cow in A U-Boat', 2006, 21, NULL),
(922, 'UNDEFEATED DALMATIONS', 'A Unbelieveable Display of a Crocodile And a Feminist who must Overcome a Moose in An Abandoned Amusement Park', 2006, 22, NULL),
(923, 'UNFAITHFUL KILL', 'A Taut Documentary of a Waitress And a Mad Scientist who must Battle a Technical Writer in New Orleans', 2006, 23, NULL),
(924, 'UNFORGIVEN ZOOLANDER', 'A Taut Epistle of a Monkey And a Sumo Wrestler who must Vanquish a A Shark in A Baloon Factory', 2006, 24, NULL),
(925, 'UNITED PILOT', 'A Fast-Paced Reflection of a Cat And a Mad Cow who must Fight a Car in The Sahara Desert', 2006, 25, NULL),
(926, 'UNTOUCHABLES SUNRISE', 'A Amazing Documentary of a Woman And a Astronaut who must Outrace a Teacher in An Abandoned Fun House', 2006, 26, NULL),
(927, 'UPRISING UPTOWN', 'A Fanciful Reflection of a Boy And a Butler who must Pursue a Woman in Berlin', 2006, 27, NULL),
(928, 'UPTOWN YOUNG', 'A Fateful Documentary of a Dog And a Hunter who must Pursue a Teacher in An Abandoned Amusement Park', 2006, 28, NULL),
(929, 'USUAL UNTOUCHABLES', 'A Touching Display of a Explorer And a Lumberjack who must Fight a Forensic Psychologist in A Shark Tank', 2006, 29, NULL),
(930, 'VACATION BOONDOCK', 'A Fanciful Character Study of a Secret Agent And a Mad Scientist who must Reach a Teacher in Australia', 2006, 30, NULL),
(931, 'VALENTINE VANISHING', 'A Thrilling Display of a Husband And a Butler who must Reach a Pastry Chef in California', 2006, 31, NULL),
(932, 'VALLEY PACKER', 'A Astounding Documentary of a Astronaut And a Boy who must Outrace a Sumo Wrestler in Berlin', 2006, 32, NULL),
(933, 'VAMPIRE WHALE', 'A Epic Story of a Lumberjack And a Monkey who must Confront a Pioneer in A MySQL Convention', 2006, 33, NULL),
(934, 'VANILLA DAY', 'A Fast-Paced Saga of a Girl And a Forensic Psychologist who must Redeem a Girl in Nigeria', 2006, 34, NULL),
(935, 'VANISHED GARDEN', 'A Intrepid Character Study of a Squirrel And a A Shark who must Kill a Lumberjack in California', 2006, 35, NULL),
(936, 'VANISHING ROCKY', 'A Brilliant Reflection of a Man And a Woman who must Conquer a Pioneer in A MySQL Convention', 2006, 36, NULL),
(937, 'VARSITY TRIP', 'A Action-Packed Character Study of a Astronaut And a Explorer who must Reach a Monkey in A MySQL Convention', 2006, 37, NULL),
(938, 'VELVET TERMINATOR', 'A Lacklusture Tale of a Pastry Chef And a Technical Writer who must Confront a Crocodile in An Abandoned Amusement Park', 2006, 38, NULL),
(939, 'VERTIGO NORTHWEST', 'A Unbelieveable Display of a Mad Scientist And a Mad Scientist who must Outgun a Mad Cow in Ancient Japan', 2006, 39, NULL),
(940, 'VICTORY ACADEMY', 'A Insightful Epistle of a Mad Scientist And a Explorer who must Challenge a Cat in The Sahara Desert', 2006, 40, NULL),
(941, 'VIDEOTAPE ARSENIC', 'A Lacklusture Display of a Girl And a Astronaut who must Succumb a Student in Australia', 2006, 41, NULL),
(942, 'VIETNAM SMOOCHY', 'A Lacklusture Display of a Butler And a Man who must Sink a Explorer in Soviet Georgia', 2006, 42, NULL),
(943, 'VILLAIN DESPERATE', 'A Boring Yarn of a Pioneer And a Feminist who must Redeem a Cat in An Abandoned Amusement Park', 2006, 43, NULL),
(944, 'VIRGIN DAISY', 'A Awe-Inspiring Documentary of a Robot And a Mad Scientist who must Reach a Database Administrator in A Shark Tank', 2006, 44, NULL),
(945, 'VIRGINIAN PLUTO', 'A Emotional Panorama of a Dentist And a Crocodile who must Meet a Boy in Berlin', 2006, 45, NULL),
(946, 'VIRTUAL SPOILERS', 'A Fateful Tale of a Database Administrator And a Squirrel who must Discover a Student in Soviet Georgia', 2006, 46, NULL),
(947, 'VISION TORQUE', 'A Thoughtful Documentary of a Dog And a Man who must Sink a Man in A Shark Tank', 2006, 47, NULL),
(948, 'VOICE PEACH', 'A Amazing Panorama of a Pioneer And a Student who must Overcome a Mad Scientist in A Manhattan Penthouse', 2006, 48, NULL),
(949, 'VOLCANO TEXAS', 'A Awe-Inspiring Yarn of a Hunter And a Feminist who must Challenge a Dentist in The Outback', 2006, 49, NULL),
(950, 'VOLUME HOUSE', 'A Boring Tale of a Dog And a Woman who must Meet a Dentist in California', 2006, 50, NULL),
(951, 'VOYAGE LEGALLY', 'A Epic Tale of a Squirrel And a Hunter who must Conquer a Boy in An Abandoned Mine Shaft', 2006, 51, NULL),
(952, 'WAGON JAWS', 'A Intrepid Drama of a Moose And a Boat who must Kill a Explorer in A Manhattan Penthouse', 2006, 52, NULL),
(953, 'WAIT CIDER', 'A Intrepid Epistle of a Woman And a Forensic Psychologist who must Succumb a Astronaut in A Manhattan Penthouse', 2006, 53, NULL),
(954, 'WAKE JAWS', 'A Beautiful Saga of a Feminist And a Composer who must Challenge a Moose in Berlin', 2006, 54, NULL),
(955, 'WALLS ARTIST', 'A Insightful Panorama of a Teacher And a Teacher who must Overcome a Mad Cow in An Abandoned Fun House', 2006, 55, NULL),
(956, 'WANDA CHAMBER', 'A Insightful Drama of a A Shark And a Pioneer who must Find a Womanizer in The Outback', 2006, 56, NULL),
(957, 'WAR NOTTING', 'A Boring Drama of a Teacher And a Sumo Wrestler who must Challenge a Secret Agent in The Canadian Rockies', 2006, 57, NULL),
(958, 'WARDROBE PHANTOM', 'A Action-Packed Display of a Mad Cow And a Astronaut who must Kill a Car in Ancient India', 2006, 58, NULL),
(959, 'WARLOCK WEREWOLF', 'A Astounding Yarn of a Pioneer And a Crocodile who must Defeat a A Shark in The Outback', 2006, 59, NULL),
(960, 'WARS PLUTO', 'A Taut Reflection of a Teacher And a Database Administrator who must Chase a Madman in The Sahara Desert', 2006, 60, NULL),
(961, 'WASH HEAVENLY', 'A Awe-Inspiring Reflection of a Cat And a Pioneer who must Escape a Hunter in Ancient China', 2006, 61, NULL),
(962, 'WASTELAND DIVINE', 'A Fanciful Story of a Database Administrator And a Womanizer who must Fight a Database Administrator in Ancient China', 2006, 62, NULL),
(963, 'WATCH TRACY', 'A Fast-Paced Yarn of a Dog And a Frisbee who must Conquer a Hunter in Nigeria', 2006, 63, NULL),
(964, 'WATERFRONT DELIVERANCE', 'A Unbelieveable Documentary of a Dentist And a Technical Writer who must Build a Womanizer in Nigeria', 2006, 64, NULL),
(965, 'WATERSHIP FRONTIER', 'A Emotional Yarn of a Boat And a Crocodile who must Meet a Moose in Soviet Georgia', 2006, 65, NULL),
(966, 'WEDDING APOLLO', 'A Action-Packed Tale of a Student And a Waitress who must Conquer a Lumberjack in An Abandoned Mine Shaft', 2006, 66, NULL),
(967, 'WEEKEND PERSONAL', 'A Fast-Paced Documentary of a Car And a Butler who must Find a Frisbee in A Jet Boat', 2006, 67, NULL),
(968, 'WEREWOLF LOLA', 'A Fanciful Story of a Man And a Sumo Wrestler who must Outrace a Student in A Monastery', 2006, 68, NULL),
(969, 'WEST LION', 'A Intrepid Drama of a Butler And a Lumberjack who must Challenge a Database Administrator in A Manhattan Penthouse', 2006, 69, NULL),
(970, 'WESTWARD SEABISCUIT', 'A Lacklusture Tale of a Butler And a Husband who must Face a Boy in Ancient China', 2006, 70, NULL),
(971, 'WHALE BIKINI', 'A Intrepid Story of a Pastry Chef And a Database Administrator who must Kill a Feminist in A MySQL Convention', 2006, 71, NULL),
(972, 'WHISPERER GIANT', 'A Intrepid Story of a Dentist And a Hunter who must Confront a Monkey in Ancient Japan', 2006, 72, NULL),
(973, 'WIFE TURN', 'A Awe-Inspiring Epistle of a Teacher And a Feminist who must Confront a Pioneer in Ancient Japan', 2006, 73, NULL),
(974, 'WILD APOLLO', 'A Beautiful Story of a Monkey And a Sumo Wrestler who must Conquer a A Shark in A MySQL Convention', 2006, 74, NULL),
(975, 'WILLOW TRACY', 'A Brilliant Panorama of a Boat And a Astronaut who must Challenge a Teacher in A Manhattan Penthouse', 2006, 75, NULL),
(976, 'WIND PHANTOM', 'A Touching Saga of a Madman And a Forensic Psychologist who must Build a Sumo Wrestler in An Abandoned Mine Shaft', 2006, 76, NULL),
(977, 'WINDOW SIDE', 'A Astounding Character Study of a Womanizer And a Hunter who must Escape a Robot in A Monastery', 2006, 77, NULL),
(978, 'WISDOM WORKER', 'A Unbelieveable Saga of a Forensic Psychologist And a Student who must Face a Squirrel in The First Manned Space Station', 2006, 78, NULL),
(979, 'WITCHES PANIC', 'A Awe-Inspiring Drama of a Secret Agent And a Hunter who must Fight a Moose in Nigeria', 2006, 79, NULL),
(980, 'WIZARD COLDBLOODED', 'A Lacklusture Display of a Robot And a Girl who must Defeat a Sumo Wrestler in A MySQL Convention', 2006, 80, NULL),
(981, 'WOLVES DESIRE', 'A Fast-Paced Drama of a Squirrel And a Robot who must Succumb a Technical Writer in A Manhattan Penthouse', 2006, 81, NULL),
(982, 'WOMEN DORADO', 'A Insightful Documentary of a Waitress And a Butler who must Vanquish a Composer in Australia', 2006, 82, NULL),
(983, 'WON DARES', 'A Unbelieveable Documentary of a Teacher And a Monkey who must Defeat a Explorer in A U-Boat', 2006, 83, NULL),
(984, 'WONDERFUL DROP', 'A Boring Panorama of a Woman And a Madman who must Overcome a Butler in A U-Boat', 2006, 84, NULL),
(985, 'WONDERLAND CHRISTMAS', 'A Awe-Inspiring Character Study of a Waitress And a Car who must Pursue a Mad Scientist in The First Manned Space Station', 2006, 85, NULL),
(986, 'WONKA SEA', 'A Brilliant Saga of a Boat And a Mad Scientist who must Meet a Moose in Ancient India', 2006, 86, NULL),
(987, 'WORDS HUNTER', 'A Action-Packed Reflection of a Composer And a Mad Scientist who must Face a Pioneer in A MySQL Convention', 2006, 87, NULL),
(988, 'WORKER TARZAN', 'A Action-Packed Yarn of a Secret Agent And a Technical Writer who must Battle a Sumo Wrestler in The First Manned Space Station', 2006, 88, NULL),
(989, 'WORKING MICROCOSMOS', 'A Stunning Epistle of a Dentist And a Dog who must Kill a Madman in Ancient China', 2006, 89, NULL),
(990, 'WORLD LEATHERNECKS', 'A Unbelieveable Tale of a Pioneer And a Astronaut who must Overcome a Robot in An Abandoned Amusement Park', 2006, 90, NULL),
(991, 'WORST BANGER', 'A Thrilling Drama of a Madman And a Dentist who must Conquer a Boy in The Outback', 2006, 91, NULL),
(992, 'WRATH MILE', 'A Intrepid Reflection of a Technical Writer And a Hunter who must Defeat a Sumo Wrestler in A Monastery', 2006, 92, NULL),
(993, 'WRONG BEHAVIOR', 'A Emotional Saga of a Crocodile And a Sumo Wrestler who must Discover a Mad Cow in New Orleans', 2006, 93, NULL),
(994, 'WYOMING STORM', 'A Awe-Inspiring Panorama of a Robot And a Boat who must Overcome a Feminist in A U-Boat', 2006, 94, NULL),
(995, 'YENTL IDAHO', 'A Amazing Display of a Robot And a Astronaut who must Fight a Womanizer in Berlin', 2006, 95, NULL),
(996, 'YOUNG LANGUAGE', 'A Unbelieveable Yarn of a Boat And a Database Administrator who must Meet a Boy in The First Manned Space Station', 2006, 96, NULL),
(997, 'YOUTH KICK', 'A Touching Drama of a Teacher And a Cat who must Challenge a Technical Writer in A U-Boat', 2006, 97, NULL),
(998, 'ZHIVAGO CORE', 'A Fateful Yarn of a Composer And a Man who must Face a Boy in The Canadian Rockies', 2006, 98, NULL),
(999, 'ZOOLANDER FICTION', 'A Fateful Reflection of a Waitress And a Boat who must Discover a Sumo Wrestler in Ancient China', 2006, 99, NULL),
(1000, 'ZORRO ARK', 'A Intrepid Panorama of a Mad Scientist And a Boy who must Redeem a Boy in A Monastery', 2006, 100, NULL);

--
-- Constraints for dumped tables
--

--
-- Constraints for table `film`
--
ALTER TABLE `film`
  ADD CONSTRAINT `film_ibfk_1` FOREIGN KEY (`trailer_id`) REFERENCES `videos` (`id`);

--
-- Table structure for table `film_category`
--

DROP TABLE IF EXISTS `film_category`;
CREATE TABLE IF NOT EXISTS `film_category` (
  `category_id` int(11) NOT NULL,
  `film_id` int(11) NOT NULL,
  KEY `category_id` (`category_id`),
  KEY `film_id` (`film_id`)
) ENGINE=InnoDB DEFAULT CHARSET=utf8;

--
-- Dumping data for table `film_category`
--

INSERT INTO `film_category` (`category_id`, `film_id`) VALUES
(1, 19),
(1, 21),
(1, 29),
(1, 38),
(1, 56),
(1, 67),
(1, 97),
(1, 105),
(1, 111),
(1, 115),
(1, 126),
(1, 130),
(1, 162),
(1, 194),
(1, 205),
(1, 210),
(1, 212),
(1, 229),
(1, 250),
(1, 252),
(1, 253),
(1, 271),
(1, 287),
(1, 292),
(1, 303),
(1, 318),
(1, 327),
(1, 329),
(1, 360),
(1, 371),
(1, 375),
(1, 395),
(1, 417),
(1, 501),
(1, 511),
(1, 530),
(1, 542),
(1, 549),
(1, 574),
(1, 579),
(1, 586),
(1, 594),
(1, 659),
(1, 664),
(1, 697),
(1, 707),
(1, 717),
(1, 732),
(1, 748),
(1, 793),
(1, 794),
(1, 802),
(1, 823),
(1, 825),
(1, 838),
(1, 850),
(1, 869),
(1, 911),
(1, 915),
(1, 927),
(1, 964),
(1, 968),
(1, 982),
(1, 991),
(2, 18),
(2, 23),
(2, 36),
(2, 70),
(2, 78),
(2, 89),
(2, 118),
(2, 121),
(2, 134),
(2, 154),
(2, 160),
(2, 193),
(2, 208),
(2, 223),
(2, 239),
(2, 241),
(2, 243),
(2, 245),
(2, 259),
(2, 268),
(2, 300),
(2, 314),
(2, 325),
(2, 326),
(2, 330),
(2, 349),
(2, 355),
(2, 402),
(2, 430),
(2, 433),
(2, 456),
(2, 461),
(2, 464),
(2, 470),
(2, 489),
(2, 510),
(2, 541),
(2, 564),
(2, 569),
(2, 582),
(2, 583),
(2, 615),
(2, 644),
(2, 649),
(2, 651),
(2, 690),
(2, 692),
(2, 693),
(2, 696),
(2, 703),
(2, 743),
(2, 805),
(2, 816),
(2, 820),
(2, 849),
(2, 859),
(2, 865),
(2, 880),
(2, 886),
(2, 887),
(2, 892),
(2, 901),
(2, 916),
(2, 953),
(2, 963),
(2, 986),
(3, 48),
(3, 59),
(3, 66),
(3, 68),
(3, 110),
(3, 124),
(3, 149),
(3, 152),
(3, 157),
(3, 168),
(3, 191),
(3, 214),
(3, 238),
(3, 280),
(3, 304),
(3, 328),
(3, 343),
(3, 344),
(3, 354),
(3, 356),
(3, 370),
(3, 373),
(3, 392),
(3, 409),
(3, 423),
(3, 424),
(3, 450),
(3, 468),
(3, 485),
(3, 491),
(3, 505),
(3, 509),
(3, 515),
(3, 547),
(3, 553),
(3, 573),
(3, 588),
(3, 608),
(3, 626),
(3, 688),
(3, 735),
(3, 755),
(3, 761),
(3, 768),
(3, 786),
(3, 801),
(3, 833),
(3, 852),
(3, 853),
(3, 864),
(3, 873),
(3, 883),
(3, 889),
(3, 896),
(3, 918),
(3, 928),
(3, 955),
(3, 959),
(3, 993),
(3, 999),
(4, 14),
(4, 37),
(4, 60),
(4, 91),
(4, 116),
(4, 131),
(4, 166),
(4, 180),
(4, 184),
(4, 190),
(4, 196),
(4, 228),
(4, 249),
(4, 266),
(4, 297),
(4, 341),
(4, 346),
(4, 357),
(4, 358),
(4, 425),
(4, 432),
(4, 445),
(4, 469),
(4, 471),
(4, 480),
(4, 482),
(4, 484),
(4, 487),
(4, 512),
(4, 523),
(4, 525),
(4, 536),
(4, 537),
(4, 548),
(4, 554),
(4, 578),
(4, 611),
(4, 633),
(4, 652),
(4, 663),
(4, 694),
(4, 725),
(4, 731),
(4, 744),
(4, 808),
(4, 815),
(4, 828),
(4, 843),
(4, 862),
(4, 874),
(4, 891),
(4, 895),
(4, 899),
(4, 950),
(4, 951),
(4, 962),
(4, 970),
(5, 7),
(5, 28),
(5, 99),
(5, 119),
(5, 127),
(5, 159),
(5, 178),
(5, 182),
(5, 188),
(5, 202),
(5, 242),
(5, 247),
(5, 265),
(5, 276),
(5, 308),
(5, 317),
(5, 324),
(5, 332),
(5, 335),
(5, 365),
(5, 385),
(5, 388),
(5, 404),
(5, 410),
(5, 413),
(5, 443),
(5, 444),
(5, 478),
(5, 502),
(5, 522),
(5, 524),
(5, 529),
(5, 555),
(5, 568),
(5, 604),
(5, 613),
(5, 638),
(5, 657),
(5, 660),
(5, 672),
(5, 680),
(5, 704),
(5, 754),
(5, 756),
(5, 765),
(5, 774),
(5, 814),
(5, 837),
(5, 857),
(5, 858),
(5, 871),
(5, 905),
(5, 906),
(5, 932),
(5, 938),
(5, 939),
(5, 978),
(5, 1000),
(6, 1),
(6, 3),
(6, 40),
(6, 58),
(6, 62),
(6, 72),
(6, 85),
(6, 101),
(6, 129),
(6, 142),
(6, 150),
(6, 156),
(6, 164),
(6, 199),
(6, 206),
(6, 219),
(6, 221),
(6, 248),
(6, 261),
(6, 274),
(6, 295),
(6, 336),
(6, 393),
(6, 400),
(6, 407),
(6, 412),
(6, 427),
(6, 441),
(6, 457),
(6, 466),
(6, 497),
(6, 544),
(6, 552),
(6, 571),
(6, 575),
(6, 576),
(6, 587),
(6, 589),
(6, 616),
(6, 622),
(6, 627),
(6, 629),
(6, 650),
(6, 670),
(6, 687),
(6, 698),
(6, 708),
(6, 712),
(6, 713),
(6, 734),
(6, 757),
(6, 776),
(6, 788),
(6, 791),
(6, 812),
(6, 834),
(6, 855),
(6, 888),
(6, 925),
(6, 926),
(6, 943),
(6, 945),
(6, 952),
(6, 960),
(6, 966),
(6, 973),
(6, 992),
(6, 996),
(7, 33),
(7, 61),
(7, 64),
(7, 79),
(7, 98),
(7, 107),
(7, 143),
(7, 146),
(7, 172),
(7, 173),
(7, 179),
(7, 186),
(7, 204),
(7, 209),
(7, 218),
(7, 225),
(7, 230),
(7, 272),
(7, 282),
(7, 366),
(7, 368),
(7, 379),
(7, 396),
(7, 401),
(7, 403),
(7, 418),
(7, 439),
(7, 473),
(7, 504),
(7, 514),
(7, 521),
(7, 539),
(7, 585),
(7, 618),
(7, 630),
(7, 643),
(7, 662),
(7, 666),
(7, 683),
(7, 706),
(7, 709),
(7, 728),
(7, 739),
(7, 758),
(7, 766),
(7, 771),
(7, 772),
(7, 775),
(7, 790),
(7, 803),
(7, 818),
(7, 827),
(7, 882),
(7, 897),
(7, 907),
(7, 910),
(7, 923),
(7, 942),
(7, 944),
(7, 958),
(7, 969),
(7, 979),
(8, 5),
(8, 31),
(8, 43),
(8, 50),
(8, 53),
(8, 63),
(8, 71),
(8, 80),
(8, 82),
(8, 83),
(8, 94),
(8, 139),
(8, 145),
(8, 147),
(8, 175),
(8, 183),
(8, 213),
(8, 231),
(8, 262),
(8, 269),
(8, 273),
(8, 309),
(8, 315),
(8, 345),
(8, 348),
(8, 359),
(8, 377),
(8, 391),
(8, 419),
(8, 428),
(8, 437),
(8, 442),
(8, 458),
(8, 476),
(8, 479),
(8, 498),
(8, 499),
(8, 528),
(8, 534),
(8, 550),
(8, 557),
(8, 603),
(8, 610),
(8, 617),
(8, 621),
(8, 634),
(8, 639),
(8, 679),
(8, 682),
(8, 695),
(8, 700),
(8, 710),
(8, 715),
(8, 724),
(8, 727),
(8, 736),
(8, 753),
(8, 778),
(8, 780),
(8, 795),
(8, 810),
(8, 822),
(8, 824),
(8, 829),
(8, 832),
(8, 866),
(8, 867),
(8, 946),
(8, 975),
(9, 6),
(9, 11),
(9, 15),
(9, 16),
(9, 47),
(9, 52),
(9, 100),
(9, 104),
(9, 112),
(9, 128),
(9, 148),
(9, 170),
(9, 185),
(9, 192),
(9, 198),
(9, 201),
(9, 207),
(9, 246),
(9, 290),
(9, 311),
(9, 337),
(9, 353),
(9, 376),
(9, 380),
(9, 399),
(9, 414),
(9, 416),
(9, 421),
(9, 431),
(9, 435),
(9, 440),
(9, 452),
(9, 455),
(9, 459),
(9, 460),
(9, 467),
(9, 486),
(9, 493),
(9, 500),
(9, 531),
(9, 533),
(9, 545),
(9, 565),
(9, 566),
(9, 567),
(9, 584),
(9, 595),
(9, 605),
(9, 607),
(9, 623),
(9, 640),
(9, 641),
(9, 661),
(9, 669),
(9, 674),
(9, 689),
(9, 705),
(9, 726),
(9, 738),
(9, 769),
(9, 770),
(9, 789),
(9, 792),
(9, 821),
(9, 845),
(9, 900),
(9, 908),
(9, 929),
(9, 947),
(9, 957),
(9, 961),
(9, 971),
(9, 984),
(10, 46),
(10, 106),
(10, 117),
(10, 141),
(10, 189),
(10, 200),
(10, 211),
(10, 215),
(10, 217),
(10, 227),
(10, 232),
(10, 236),
(10, 264),
(10, 281),
(10, 302),
(10, 306),
(10, 310),
(10, 316),
(10, 331),
(10, 352),
(10, 362),
(10, 381),
(10, 382),
(10, 387),
(10, 406),
(10, 408),
(10, 438),
(10, 447),
(10, 483),
(10, 507),
(10, 508),
(10, 546),
(10, 556),
(10, 560),
(10, 563),
(10, 591),
(10, 596),
(10, 597),
(10, 614),
(10, 624),
(10, 646),
(10, 654),
(10, 684),
(10, 699),
(10, 701),
(10, 742),
(10, 746),
(10, 747),
(10, 762),
(10, 781),
(10, 807),
(10, 835),
(10, 840),
(10, 842),
(10, 861),
(10, 919),
(10, 934),
(10, 941),
(10, 949),
(10, 956),
(10, 976),
(11, 2),
(11, 4),
(11, 8),
(11, 9),
(11, 13),
(11, 24),
(11, 30),
(11, 34),
(11, 35),
(11, 65),
(11, 92),
(11, 122),
(11, 171),
(11, 222),
(11, 258),
(11, 275),
(11, 277),
(11, 301),
(11, 313),
(11, 334),
(11, 351),
(11, 415),
(11, 475),
(11, 494),
(11, 495),
(11, 506),
(11, 527),
(11, 535),
(11, 593),
(11, 600),
(11, 653),
(11, 658),
(11, 665),
(11, 702),
(11, 716),
(11, 722),
(11, 737),
(11, 740),
(11, 749),
(11, 799),
(11, 800),
(11, 804),
(11, 830),
(11, 854),
(11, 856),
(11, 870),
(11, 876),
(11, 881),
(11, 885),
(11, 904),
(11, 909),
(11, 922),
(11, 965),
(11, 990),
(11, 995),
(11, 998),
(12, 12),
(12, 17),
(12, 20),
(12, 51),
(12, 54),
(12, 74),
(12, 76),
(12, 86),
(12, 133),
(12, 158),
(12, 161),
(12, 174),
(12, 220),
(12, 244),
(12, 255),
(12, 278),
(12, 284),
(12, 333),
(12, 363),
(12, 378),
(12, 384),
(12, 398),
(12, 411),
(12, 426),
(12, 454),
(12, 462),
(12, 477),
(12, 516),
(12, 540),
(12, 562),
(12, 581),
(12, 592),
(12, 636),
(12, 647),
(12, 673),
(12, 718),
(12, 721),
(12, 741),
(12, 752),
(12, 767),
(12, 797),
(12, 819),
(12, 877),
(12, 879),
(12, 884),
(12, 921),
(12, 936),
(12, 980),
(12, 983),
(12, 987),
(12, 997),
(13, 22),
(13, 25),
(13, 32),
(13, 45),
(13, 77),
(13, 90),
(13, 93),
(13, 95),
(13, 96),
(13, 108),
(13, 109),
(13, 136),
(13, 144),
(13, 155),
(13, 163),
(13, 216),
(13, 226),
(13, 251),
(13, 267),
(13, 270),
(13, 283),
(13, 289),
(13, 305),
(13, 320),
(13, 321),
(13, 340),
(13, 364),
(13, 436),
(13, 448),
(13, 465),
(13, 481),
(13, 490),
(13, 492),
(13, 538),
(13, 551),
(13, 558),
(13, 561),
(13, 580),
(13, 590),
(13, 632),
(13, 635),
(13, 675),
(13, 677),
(13, 685),
(13, 686),
(13, 720),
(13, 730),
(13, 750),
(13, 751),
(13, 759),
(13, 760),
(13, 806),
(13, 846),
(13, 847),
(13, 913),
(13, 920),
(13, 933),
(13, 935),
(13, 937),
(13, 948),
(13, 954),
(13, 974),
(13, 994),
(14, 26),
(14, 39),
(14, 44),
(14, 49),
(14, 55),
(14, 69),
(14, 73),
(14, 81),
(14, 114),
(14, 132),
(14, 137),
(14, 138),
(14, 140),
(14, 151),
(14, 153),
(14, 165),
(14, 177),
(14, 195),
(14, 203),
(14, 234),
(14, 235),
(14, 240),
(14, 285),
(14, 296),
(14, 298),
(14, 312),
(14, 319),
(14, 338),
(14, 350),
(14, 367),
(14, 369),
(14, 374),
(14, 390),
(14, 394),
(14, 397),
(14, 422),
(14, 449),
(14, 520),
(14, 559),
(14, 572),
(14, 602),
(14, 620),
(14, 625),
(14, 637),
(14, 655),
(14, 711),
(14, 714),
(14, 723),
(14, 798),
(14, 817),
(14, 831),
(14, 839),
(14, 860),
(14, 863),
(14, 893),
(14, 912),
(14, 924),
(14, 930),
(14, 967),
(14, 972),
(14, 985),
(15, 10),
(15, 27),
(15, 42),
(15, 102),
(15, 113),
(15, 120),
(15, 135),
(15, 176),
(15, 187),
(15, 197),
(15, 237),
(15, 254),
(15, 256),
(15, 260),
(15, 263),
(15, 279),
(15, 291),
(15, 293),
(15, 322),
(15, 323),
(15, 361),
(15, 372),
(15, 383),
(15, 389),
(15, 420),
(15, 429),
(15, 446),
(15, 453),
(15, 463),
(15, 474),
(15, 488),
(15, 503),
(15, 517),
(15, 519),
(15, 532),
(15, 570),
(15, 577),
(15, 598),
(15, 599),
(15, 606),
(15, 612),
(15, 619),
(15, 628),
(15, 631),
(15, 667),
(15, 668),
(15, 671),
(15, 676),
(15, 678),
(15, 681),
(15, 691),
(15, 719),
(15, 729),
(15, 733),
(15, 745),
(15, 763),
(15, 764),
(15, 773),
(15, 777),
(15, 779),
(15, 782),
(15, 796),
(15, 809),
(15, 813),
(15, 836),
(15, 841),
(15, 844),
(15, 851),
(15, 875),
(15, 890),
(15, 898),
(15, 902),
(15, 917),
(15, 940),
(16, 41),
(16, 57),
(16, 75),
(16, 84),
(16, 87),
(16, 88),
(16, 103),
(16, 123),
(16, 125),
(16, 167),
(16, 169),
(16, 181),
(16, 224),
(16, 233),
(16, 257),
(16, 286),
(16, 288),
(16, 294),
(16, 299),
(16, 307),
(16, 339),
(16, 342),
(16, 347),
(16, 386),
(16, 405),
(16, 434),
(16, 451),
(16, 472),
(16, 496),
(16, 513),
(16, 518),
(16, 526),
(16, 543),
(16, 601),
(16, 609),
(16, 642),
(16, 645),
(16, 648),
(16, 656),
(16, 783),
(16, 784),
(16, 785),
(16, 787),
(16, 811),
(16, 826),
(16, 848),
(16, 868),
(16, 872),
(16, 878),
(16, 894),
(16, 903),
(16, 914),
(16, 931),
(16, 977),
(16, 981),
(16, 988),
(16, 989);

-- --------------------------------------------------------

--
-- Constraints for table `film_category`
--
ALTER TABLE `film_category`
  ADD CONSTRAINT `film_category_ibfk_1` FOREIGN KEY (`category_id`) REFERENCES `category` (`category_id`),
  ADD CONSTRAINT `film_category_ibfk_2` FOREIGN KEY (`film_id`) REFERENCES `film` (`film_id`);
  

--
-- Table structure for table `comments`
--

DROP TABLE IF EXISTS `comments`;
CREATE TABLE IF NOT EXISTS `comments` (
  `comment_id` int(11) NOT NULL AUTO_INCREMENT,
  `user_id` int(11) NOT NULL,
  `film_id` int(11) NOT NULL,
  `comment` text NOT NULL,
  `created_at` timestamp NOT NULL DEFAULT CURRENT_TIMESTAMP,
  PRIMARY KEY (`comment_id`),
  KEY `user_id` (`user_id`)
) ENGINE=InnoDB DEFAULT CHARSET=utf8;

--
-- Constraints for table `comments`
--

  ALTER TABLE `comments` 
	ADD CONSTRAINT `comments_user_fk` FOREIGN KEY (`user_id`) REFERENCES `users`(`id`) ON DELETE CASCADE ON UPDATE RESTRICT; 
  
  ALTER TABLE `comments` 
	ADD CONSTRAINT `comments_film_fk` FOREIGN KEY (`film_id`) REFERENCES `film`(`film_id`) ON DELETE CASCADE ON UPDATE RESTRICT;
 
 --
-- Table structure for table `pwdreset`
--

DROP TABLE IF EXISTS `pwdreset`;
CREATE TABLE IF NOT EXISTS `pwdreset` (
  `pwdResetId` int(11) NOT NULL AUTO_INCREMENT,
  `pwdResetEmail` text NOT NULL,
  `pwdResetSelector` text NOT NULL,
  `pwdResetToken` longtext NOT NULL,
  `pwdResetExpires` text NOT NULL,
  PRIMARY KEY (`pwdResetId`)
) ENGINE=InnoDB AUTO_INCREMENT=10 DEFAULT CHARSET=utf8mb4;

 
COMMIT;




